subject,script,column1,column2,stimuli,session,correlation,p_value,degrees_of_freedom
sub-00004,cb,readingTime,length,all,2,0.44639093158376925,3.370575774961059e-10,178
sub-00004,cb,readingTime,frequency,all,2,-0.07483056512229733,0.31810307017320244,178
sub-00004,cb,readingTime,old20,all,2,0.37725914928826676,1.785384566138922e-07,178
sub-00004,cb,readingTime,length,all,3,0.321625991425222,1.069852487009756e-05,178
sub-00004,cb,readingTime,frequency,all,3,-0.06993748333219611,0.3508634566607741,178
sub-00004,cb,readingTime,old20,all,3,0.38203139860100477,1.2105786428688387e-07,178
sub-00004,cb,readingTime,length,all,4,0.25825904021798646,0.0004646626653476961,178
sub-00004,cb,readingTime,frequency,all,4,-0.09138249323811136,0.22245051695691914,178
sub-00004,cb,readingTime,old20,all,4,0.27085063051304215,0.00023552466483132216,178
sub-00008,br,readingTime,length,all,2,0.16702919789792192,0.025020425826543145,178
sub-00008,br,readingTime,frequency,all,2,-0.02029160120149032,0.7868743764964939,178
sub-00008,br,readingTime,old20,all,2,0.049271053148401724,0.5112874376158049,178
sub-00008,br,readingTime,length,all,3,-0.010098486595886217,0.8929716668068456,178
sub-00008,br,readingTime,frequency,all,3,0.06071370485348497,0.41815156747112187,178
sub-00008,br,readingTime,old20,all,3,-0.019764449763632907,0.7922836826150037,178
sub-00008,br,readingTime,length,all,4,-0.005200111881878056,0.9447657564920777,178
sub-00008,br,readingTime,frequency,all,4,-0.03965566719315094,0.5971259658410772,178
sub-00008,br,readingTime,old20,all,4,-0.011253634771905874,0.8808149199772207,178
sub-00014,cb,readingTime,length,all,2,0.44832932082311844,2.7676366839132396e-10,178
sub-00014,cb,readingTime,frequency,all,2,-0.10685193464090494,0.1533861634769751,178
sub-00014,cb,readingTime,old20,all,2,0.5132745515756161,1.7386993581190618e-13,178
sub-00014,cb,readingTime,length,all,3,0.36832767771881775,3.633832956100567e-07,178
sub-00014,cb,readingTime,frequency,all,3,-0.019459394796185376,0.7954185230362909,178
sub-00014,cb,readingTime,old20,all,3,0.4578715270170372,1.0299589433500452e-10,178
sub-00014,cb,readingTime,length,all,4,0.28387924684327553,0.00011252719766220778,178
sub-00014,cb,readingTime,frequency,all,4,0.1408534192774053,0.05929562442923801,178
sub-00014,cb,readingTime,old20,all,4,0.24228231132111,0.0010496306510688021,178
sub-00015,cb,readingTime,length,all,2,-0.0637359492143643,0.39531683382226174,178
sub-00015,cb,readingTime,frequency,all,2,-0.024223767121017672,0.7468625017115731,178
sub-00015,cb,readingTime,old20,all,2,-0.10736718686805685,0.15140202051470408,178
sub-00015,cb,readingTime,length,all,3,0.027618714027358705,0.7128488705686901,178
sub-00015,cb,readingTime,frequency,all,3,-0.05714056367786303,0.4461178737804113,178
sub-00015,cb,readingTime,old20,all,3,0.011063089316012752,0.8828183759941289,178
sub-00015,cb,readingTime,length,all,4,0.05124167942055963,0.49451916783668803,178
sub-00015,cb,readingTime,frequency,all,4,-0.050460138089598865,0.5011343001681371,178
sub-00015,cb,readingTime,old20,all,4,0.10666282396251323,0.15411929222304743,178
sub-00017,cb,readingTime,length,all,2,0.2350203347019911,0.001494426736670568,178
sub-00017,cb,readingTime,frequency,all,2,-0.048654180438533055,0.5165963272951498,178
sub-00017,cb,readingTime,old20,all,2,0.1902408255632015,0.010528478276233637,178
sub-00017,cb,readingTime,length,all,3,0.23558868270550923,0.0014542227245205456,178
sub-00017,cb,readingTime,frequency,all,3,-0.07450045674971845,0.3202486169507223,178
sub-00017,cb,readingTime,old20,all,3,0.17259265691511774,0.020511593390314435,178
sub-00017,cb,readingTime,length,all,4,0.09522069996746357,0.2035469926724414,178
sub-00017,cb,readingTime,frequency,all,4,-0.017653456621588015,0.8140424368697958,178
sub-00017,cb,readingTime,old20,all,4,0.09459247874528368,0.2065589930868433,178
sub-00018,cb,readingTime,length,all,2,0.2487083207825222,0.000761056740130602,178
sub-00018,cb,readingTime,frequency,all,2,-0.08808468266218267,0.23966125303693908,178
sub-00018,cb,readingTime,old20,all,2,0.30867179553914553,2.4886605391040106e-05,178
sub-00018,cb,readingTime,length,all,3,0.1861306255846288,0.012359581153324037,178
sub-00018,cb,readingTime,frequency,all,3,-0.06504462124734514,0.3856655656472454,178
sub-00018,cb,readingTime,old20,all,3,0.20656151377121493,0.00540126085826947,178
sub-00018,cb,readingTime,length,all,4,0.1197391436726554,0.10936741303701625,178
sub-00018,cb,readingTime,frequency,all,4,0.08750308392740613,0.24279055932857327,178
sub-00018,cb,readingTime,old20,all,4,0.11967692671062528,0.10955311811509817,178
sub-00019,br,readingTime,length,all,2,0.26273769852605244,0.0003662949756740013,178
sub-00019,br,readingTime,frequency,all,2,-0.02261823416886083,0.7631248015350428,178
sub-00019,br,readingTime,old20,all,2,0.275902260625519,0.00017764175277339972,178
sub-00019,br,readingTime,length,all,3,0.2559409507807964,0.0005246823856870378,178
sub-00019,br,readingTime,frequency,all,3,-0.041197704669075574,0.5829315238285749,178
sub-00019,br,readingTime,old20,all,3,0.23793421541464033,0.0012985459829124107,178
sub-00019,br,readingTime,length,all,4,-0.055025395572428935,0.4631583714633123,178
sub-00019,br,readingTime,frequency,all,4,-0.034344447356428866,0.6471650722300474,178
sub-00019,br,readingTime,old20,all,4,0.0010473017844493137,0.9888673649469759,178
sub-00020,br,readingTime,length,all,2,0.4954693788935489,1.5352069395582299e-12,178
sub-00020,br,readingTime,frequency,all,2,-0.0752245221351353,0.3155547884259646,178
sub-00020,br,readingTime,old20,all,2,0.49543849273534396,1.5408511622949896e-12,178
sub-00020,br,readingTime,length,all,3,0.38585487724722667,8.827690768275383e-08,178
sub-00020,br,readingTime,frequency,all,3,0.11745850589541422,0.11633759165812421,178
sub-00020,br,readingTime,old20,all,3,0.3606211884801624,6.596178876734911e-07,178
sub-00020,br,readingTime,length,all,4,0.0809569415577718,0.27998243538909506,178
sub-00020,br,readingTime,frequency,all,4,-0.02978120240852687,0.6914698146661082,178
sub-00020,br,readingTime,old20,all,4,0.13796495349150065,0.0647557025436114,178
sub-00024,cb,readingTime,length,all,2,0.37393083543138994,2.3325380566047755e-07,178
sub-00024,cb,readingTime,frequency,all,2,-0.07582586935147147,0.311690725384084,178
sub-00024,cb,readingTime,old20,all,2,0.33574596386890854,4.07379864969126e-06,178
sub-00024,cb,readingTime,length,all,3,0.03911106394320296,0.6021760166147961,178
sub-00024,cb,readingTime,frequency,all,3,-0.005683219353990448,0.9396436169973001,178
sub-00024,cb,readingTime,old20,all,3,0.095473174436588,0.20234548035374728,178
sub-00024,cb,readingTime,length,all,4,0.36826271242122327,3.652380754781247e-07,178
sub-00024,cb,readingTime,frequency,all,4,0.02273615720017264,0.7619267379190297,178
sub-00024,cb,readingTime,old20,all,4,0.3751457997423155,2.1164062656630013e-07,178
sub-00025,cb,readingTime,length,all,2,0.1797073102428811,0.01578215432087131,178
sub-00025,cb,readingTime,frequency,all,2,-0.06907141307166294,0.3568754674318491,178
sub-00025,cb,readingTime,old20,all,2,0.06670125409356834,0.3736549146434523,178
sub-00025,cb,readingTime,length,all,3,0.268869615704236,0.0002626797068829421,178
sub-00025,cb,readingTime,frequency,all,3,-0.004556643986719152,0.9515915968870373,178
sub-00025,cb,readingTime,old20,all,3,0.1976738968785479,0.007816479945565473,178
sub-00025,cb,readingTime,length,all,4,0.07832493452866604,0.2959652634672288,178
sub-00025,cb,readingTime,frequency,all,4,0.03068853149059849,0.6825706355217396,178
sub-00025,cb,readingTime,old20,all,4,0.11517944714181365,0.12364387432322388,178
sub-00026,br,readingTime,length,all,2,-0.038989092431367736,0.6033096566294116,178
sub-00026,br,readingTime,frequency,all,2,-0.0165379564555985,0.8255991586105136,178
sub-00026,br,readingTime,old20,all,2,0.030326702231997186,0.686114335101144,178
sub-00026,br,readingTime,length,all,3,0.04780165262479846,0.5239796435742322,178
sub-00026,br,readingTime,frequency,all,3,-0.041271715013071045,0.5822542017450785,178
sub-00026,br,readingTime,old20,all,3,-0.044964466165050836,0.5489314380387413,178
sub-00026,br,readingTime,length,all,4,0.07859382591964312,0.2943051979704517,178
sub-00026,br,readingTime,frequency,all,4,-0.034131810236513994,0.6492037653585783,178
sub-00026,br,readingTime,old20,all,4,0.07039756187880958,0.34769577109233923,178
sub-00029,br,readingTime,length,all,2,0.1112070602806618,0.137221268860661,178
sub-00029,br,readingTime,frequency,all,2,-0.021410482558286054,0.7754271311385926,178
sub-00029,br,readingTime,old20,all,2,0.00201972375240576,0.9785325673144332,178
sub-00029,br,readingTime,length,all,3,-0.0915723335635838,0.22148719598319955,178
sub-00029,br,readingTime,frequency,all,3,-0.024663530032504266,0.7424272688357181,178
sub-00029,br,readingTime,old20,all,3,-0.07057630500196274,0.34646998702398657,178
sub-00029,br,readingTime,length,all,4,-0.08129240847266589,0.2779879157501471,178
sub-00029,br,readingTime,frequency,all,4,-0.008809090270283714,0.9065706197819461,178
sub-00029,br,readingTime,old20,all,4,0.041233337035226754,0.5826053808346453,178
sub-00033,br,readingTime,length,all,2,0.4387893352141399,7.214872717270212e-10,178
sub-00033,br,readingTime,frequency,all,2,-0.0729583333154672,0.33039563998290256,178
sub-00033,br,readingTime,old20,all,2,0.28589653533842224,0.00010003683129167035,178
sub-00033,br,readingTime,length,all,3,0.3619228152875676,5.970806579410091e-07,178
sub-00033,br,readingTime,frequency,all,3,-0.06655672160940596,0.37469354826367407,178
sub-00033,br,readingTime,old20,all,3,0.3152785181799883,1.6259343921959384e-05,178
sub-00033,br,readingTime,length,all,4,0.18203717309333728,0.014455496866322302,178
sub-00033,br,readingTime,frequency,all,4,-0.04427247461326712,0.5551042000744721,178
sub-00033,br,readingTime,old20,all,4,0.2314348294312766,0.0017723565017173663,178
sub-00035,cb,readingTime,length,all,2,0.16456187243174014,0.027277758881538113,178
sub-00035,cb,readingTime,frequency,all,2,-0.028238347005986212,0.7066991999486855,178
sub-00035,cb,readingTime,old20,all,2,0.09161504283711422,0.22127088215796215,178
sub-00035,cb,readingTime,length,all,3,0.024755198751924255,0.7415038046318969,178
sub-00035,cb,readingTime,frequency,all,3,0.16036250152089468,0.031520684775471826,178
sub-00035,cb,readingTime,old20,all,3,0.06999030846587628,0.35049883145254157,178
sub-00035,cb,readingTime,length,all,4,0.1085173820694591,0.14704284685240104,178
sub-00035,cb,readingTime,frequency,all,4,-0.0558344313410327,0.45659839176037603,178
sub-00035,cb,readingTime,old20,all,4,0.01876577178042081,0.8025585352922481,178
sub-00036,cb,readingTime,length,all,2,0.03687492214529922,0.62310852783149,178
sub-00036,cb,readingTime,frequency,all,2,0.004554896079003407,0.9516101435328607,178
sub-00036,cb,readingTime,old20,all,2,0.017314385317135833,0.8175511371177177,178
sub-00036,cb,readingTime,length,all,3,-0.11520779784098385,0.12355085487393887,178
sub-00036,cb,readingTime,frequency,all,3,0.004793689368407925,0.9490766079630083,178
sub-00036,cb,readingTime,old20,all,3,-0.10595132413620258,0.15690124250970292,178
sub-00036,cb,readingTime,length,all,4,0.06214736840172376,0.4072248696641354,178
sub-00036,cb,readingTime,frequency,all,4,-0.03265025476295018,0.6634801132014455,178
sub-00036,cb,readingTime,old20,all,4,0.0626714061400892,0.40327342800501426,178
sub-00045,br,readingTime,length,all,2,0.1091357027899573,0.14473912202196895,178
sub-00045,br,readingTime,frequency,all,2,-0.03455094633278224,0.6451877387674921,178
sub-00045,br,readingTime,old20,all,2,0.10771708155800584,0.15006573277067287,178
sub-00045,br,readingTime,length,all,3,0.035902850602758135,0.6323044690484723,178
sub-00045,br,readingTime,frequency,all,3,-0.05130346070741174,0.4939982195949378,178
sub-00045,br,readingTime,old20,all,3,0.0031621839871628296,0.9663953121313698,178
sub-00045,br,readingTime,length,all,4,0.050724432449728116,0.498892067452828,178
sub-00045,br,readingTime,frequency,all,4,-0.08487834323578658,0.257266894151473,178
sub-00045,br,readingTime,old20,all,4,0.08964079968463061,0.2314275272332852,178
sub-00046,br,readingTime,length,all,2,0.2124345255880452,0.004196452157986505,178
sub-00046,br,readingTime,frequency,all,2,0.09833696633409614,0.18907416102249713,178
sub-00046,br,readingTime,old20,all,2,0.36284369710131875,5.56303627217801e-07,178
sub-00046,br,readingTime,length,all,3,0.15009343034653852,0.04431565596510735,178
sub-00046,br,readingTime,frequency,all,3,-0.07414979393043852,0.3225380090156469,178
sub-00046,br,readingTime,old20,all,3,0.15351987929670094,0.039633409715032764,178
sub-00046,br,readingTime,length,all,4,0.09826643268494097,0.18939319156338935,178
sub-00046,br,readingTime,frequency,all,4,-0.0471616689842883,0.5295572556977052,178
sub-00046,br,readingTime,old20,all,4,0.1820300665545852,0.014459390392720444,178
sub-00047,cb,readingTime,length,all,2,0.2833867555217351,0.00011579065371380699,178
sub-00047,cb,readingTime,frequency,all,2,-0.04778571368207523,0.5241181918138295,178
sub-00047,cb,readingTime,old20,all,2,0.27007701664260403,0.0002458023302589939,178
sub-00047,cb,readingTime,length,all,3,0.2221411884069241,0.0027255038487137,178
sub-00047,cb,readingTime,frequency,all,3,-0.03695456839079642,0.6223576135118128,178
sub-00047,cb,readingTime,old20,all,3,0.1468766124332754,0.049124229536173826,178
sub-00047,cb,readingTime,length,all,4,0.12555740911682828,0.09306505800435298,178
sub-00047,cb,readingTime,frequency,all,4,-5.881979271014892e-05,0.9993747358233948,178
sub-00047,cb,readingTime,old20,all,4,0.062208031153266105,0.4067662814801496,178
sub-00048,cb,readingTime,length,all,2,0.06122163683500113,0.41426091415580124,178
sub-00048,cb,readingTime,frequency,all,2,-0.01824201886570089,0.8079608253933064,178
sub-00048,cb,readingTime,old20,all,2,0.028192389902762075,0.7071546650174317,178
sub-00048,cb,readingTime,length,all,3,-0.04677299217623527,0.5329592161412764,178
sub-00048,cb,readingTime,frequency,all,3,0.007574978128664478,0.9196120452647909,178
sub-00048,cb,readingTime,old20,all,3,-0.03985524829898053,0.5952800649758243,178
sub-00048,cb,readingTime,length,all,4,-0.019530337440496922,0.7946891999059565,178
sub-00048,cb,readingTime,frequency,all,4,-0.03675622980041826,0.6242282946407328,178
sub-00048,cb,readingTime,old20,all,4,0.020742188455778406,0.7822587840337922,178
sub-00049,cb,readingTime,length,all,2,0.3417039294831642,2.6714589972169395e-06,178
sub-00049,cb,readingTime,frequency,all,2,0.016697564558758708,0.8239432375580611,178
sub-00049,cb,readingTime,old20,all,2,0.19607909194870782,0.008339460751482564,178
sub-00049,cb,readingTime,length,all,3,0.2538274950042041,0.0005855680123645238,178
sub-00049,cb,readingTime,frequency,all,3,-0.02095392252237601,0.7800924969569766,178
sub-00049,cb,readingTime,old20,all,3,0.20119205645144964,0.006764531645406639,178
sub-00049,cb,readingTime,length,all,4,0.08043660419468442,0.28309513700411687,178
sub-00049,cb,readingTime,frequency,all,4,-0.028770816792849725,0.7014297025923474,178
sub-00049,cb,readingTime,old20,all,4,0.08412218412178801,0.26154535613493385,178
sub-00050,br,readingTime,length,all,2,0.43388759354261036,1.1670125105096457e-09,178
sub-00050,br,readingTime,frequency,all,2,0.07424272111281992,0.3219302816857907,178
sub-00050,br,readingTime,old20,all,2,0.45682245430388346,1.1499203159480283e-10,178
sub-00050,br,readingTime,length,all,3,0.5246963445491053,4.016308708328936e-14,178
sub-00050,br,readingTime,frequency,all,3,-0.0745079354128987,0.32019990559420747,178
sub-00050,br,readingTime,old20,all,3,0.5532902838904559,7.972654019743975e-16,178
sub-00050,br,readingTime,length,all,4,0.3928286574041243,4.910929521181657e-08,178
sub-00050,br,readingTime,frequency,all,4,-0.08110152954408875,0.2791216078424156,178
sub-00050,br,readingTime,old20,all,4,0.3206849733842305,1.1390246726476842e-05,178
sub-00051,cb,readingTime,length,all,2,0.21001958169884258,0.004659058676809081,178
sub-00051,cb,readingTime,frequency,all,2,0.0004469960926538646,0.9952483845788848,178
sub-00051,cb,readingTime,old20,all,2,0.24092729900003657,0.0011220562949594988,178
sub-00051,cb,readingTime,length,all,3,0.19257597610091462,0.009598514694281413,178
sub-00051,cb,readingTime,frequency,all,3,0.03995227253660016,0.5943836336044581,178
sub-00051,cb,readingTime,old20,all,3,0.1336390115182723,0.07369609725497425,178
sub-00051,cb,readingTime,length,all,4,0.09814075948897891,0.18996259820869832,178
sub-00051,cb,readingTime,frequency,all,4,-0.044069872669426295,0.5569178108848376,178
sub-00051,cb,readingTime,old20,all,4,0.114046020081215,0.1274072629114967,178
sub-00053,cb,readingTime,length,all,2,0.3519893942863354,1.2628868704746928e-06,178
sub-00053,cb,readingTime,frequency,all,2,-0.07283133967531476,0.33124034235744354,178
sub-00053,cb,readingTime,old20,all,2,0.4426924818101452,4.892541665734473e-10,178
sub-00053,cb,readingTime,length,all,3,0.25487995502311905,0.0005544765993347098,178
sub-00053,cb,readingTime,frequency,all,3,-0.03339854965191831,0.6562539493332813,178
sub-00053,cb,readingTime,old20,all,3,0.319020039188781,1.2718958072178218e-05,178
sub-00053,cb,readingTime,length,all,4,0.10564513681487883,0.15810998049302435,178
sub-00053,cb,readingTime,frequency,all,4,-0.03076877404620138,0.681785688188362,178
sub-00053,cb,readingTime,old20,all,4,0.1550918423331932,0.03762884499075741,178
sub-00054,cb,readingTime,length,all,2,0.3965937062809955,3.557913023758629e-08,178
sub-00054,cb,readingTime,frequency,all,2,-0.10408158208401533,0.164391666919758,178
sub-00054,cb,readingTime,old20,all,2,0.4239124840007099,3.0334306990248196e-09,178
sub-00054,cb,readingTime,length,all,3,0.2940573640302501,6.158465019247389e-05,178
sub-00054,cb,readingTime,frequency,all,3,-0.040061530568813404,0.5933749042068804,178
sub-00054,cb,readingTime,old20,all,3,0.3013710103211055,3.937080459915711e-05,178
sub-00054,cb,readingTime,length,all,4,0.3706423364317433,3.0287869877294585e-07,178
sub-00054,cb,readingTime,frequency,all,4,-0.11439689033210274,0.1262329213348656,178
sub-00054,cb,readingTime,old20,all,4,0.4345564305167542,1.09338781871915e-09,178
sub-00055,cb,readingTime,length,all,2,0.034065960312326254,0.6498356419226659,178
sub-00055,cb,readingTime,frequency,all,2,-0.0219553223674468,0.7698701905410942,178
sub-00055,cb,readingTime,old20,all,2,0.05314132979913931,0.4786350946475112,178
sub-00055,cb,readingTime,length,all,3,0.11776188472737383,0.11539091991398333,178
sub-00055,cb,readingTime,frequency,all,3,0.11032560277561336,0.1403831216111634,178
sub-00055,cb,readingTime,old20,all,3,0.23739144755524574,0.0013331490516779072,178
sub-00055,cb,readingTime,length,all,4,0.22821638700539998,0.0020611306056881364,178
sub-00055,cb,readingTime,frequency,all,4,-0.05726533864942335,0.4451238272683134,178
sub-00055,cb,readingTime,old20,all,4,0.1331263925456552,0.07481884646527732,178
sub-00056,cb,readingTime,length,all,2,0.4116665238897386,9.399644676239937e-09,178
sub-00056,cb,readingTime,frequency,all,2,-0.03461540565405688,0.6445710159894217,178
sub-00056,cb,readingTime,old20,all,2,0.3783278301106832,1.6374905667135536e-07,178
sub-00056,cb,readingTime,length,all,3,0.27346326543801214,0.00020369556602881455,178
sub-00056,cb,readingTime,frequency,all,3,-0.06317384382337848,0.39950632771269207,178
sub-00056,cb,readingTime,old20,all,3,0.20672846970052128,0.005363129188568262,178
sub-00056,cb,readingTime,length,all,4,0.2651028977122121,0.00032250680755436807,178
sub-00056,cb,readingTime,frequency,all,4,-0.08643469180716352,0.24861304875107096,178
sub-00056,cb,readingTime,old20,all,4,0.21839445509092806,0.0032264798547035085,178
sub-00058,br,readingTime,length,all,2,0.31334665057293604,1.843375767320225e-05,178
sub-00058,br,readingTime,frequency,all,2,-0.1040353990869545,0.1645800037904487,178
sub-00058,br,readingTime,old20,all,2,0.3149949953544618,1.656253291279847e-05,178
sub-00058,br,readingTime,length,all,3,0.2980951664012467,4.8177950446029744e-05,178
sub-00058,br,readingTime,frequency,all,3,-0.08599924602338177,0.251013680331472,178
sub-00058,br,readingTime,old20,all,3,0.3812082235979966,1.295065117393134e-07,178
sub-00058,br,readingTime,length,all,4,0.3356801999670793,4.092617339506241e-06,178
sub-00058,br,readingTime,frequency,all,4,-0.004450105049018471,0.9527221041218858,178
sub-00058,br,readingTime,old20,all,4,0.4253147035435429,2.6572220567408754e-09,178
sub-00059,br,readingTime,length,all,2,0.5123756751826501,1.946732120042584e-13,178
sub-00059,br,readingTime,frequency,all,2,0.017471237427311156,0.8159275808404594,178
sub-00059,br,readingTime,old20,all,2,0.4911076396327844,2.568405747763833e-12,178
sub-00059,br,readingTime,length,all,3,0.36533309849275164,4.589678959601652e-07,178
sub-00059,br,readingTime,frequency,all,3,0.0005800502821971137,0.9938340292830005,178
sub-00059,br,readingTime,old20,all,3,0.4089639060474694,1.1991791137113571e-08,178
sub-00059,br,readingTime,length,all,4,0.1239465063065193,0.09737190901342672,178
sub-00059,br,readingTime,frequency,all,4,-0.04091963547442305,0.5854795866337597,178
sub-00059,br,readingTime,old20,all,4,0.16283036921957694,0.028964024585758533,178
sub-00060,br,readingTime,length,all,2,0.06162597684756431,0.41117898828403854,178
sub-00060,br,readingTime,frequency,all,2,0.20619769227523832,0.0054851972760551525,178
sub-00060,br,readingTime,old20,all,2,0.0978117459897874,0.19145922969645285,178
sub-00060,br,readingTime,length,all,3,0.18556821758450373,0.012630733798645129,178
sub-00060,br,readingTime,frequency,all,3,-0.04095406723066898,0.5851637961913068,178
sub-00060,br,readingTime,old20,all,3,0.11755920198833858,0.11602270825587523,178
sub-00060,br,readingTime,length,all,4,0.09203314750747627,0.21916119255817926,178
sub-00060,br,readingTime,frequency,all,4,-0.03097002119128975,0.6798185550470935,178
sub-00060,br,readingTime,old20,all,4,0.035692361807389605,0.6343032376112119,178
sub-00062,br,readingTime,length,all,2,0.016955865879155704,0.8212650312007641,178
sub-00062,br,readingTime,frequency,all,2,-0.0396497684986098,0.597180561389985,178
sub-00062,br,readingTime,old20,all,2,-0.07608684747856441,0.3100234302740387,178
sub-00062,br,readingTime,length,all,3,0.014846875722605287,0.8431898670264609,178
sub-00062,br,readingTime,frequency,all,3,-0.020321608148135852,0.7865667673924309,178
sub-00062,br,readingTime,old20,all,3,0.01916045366359739,0.7984937163274198,178
sub-00062,br,readingTime,length,all,4,-0.12487587045640482,0.09486832189543383,178
sub-00062,br,readingTime,frequency,all,4,-0.02869846908554802,0.7021448508244184,178
sub-00062,br,readingTime,old20,all,4,-0.08723774846314479,0.24422762426667854,178
sub-00063,br,readingTime,length,all,2,0.49101637988041663,2.5960084714137797e-12,178
sub-00063,br,readingTime,frequency,all,2,-0.08706828761459323,0.24514852236948642,178
sub-00063,br,readingTime,old20,all,2,0.43358384819337115,1.2020095989621923e-09,178
sub-00063,br,readingTime,length,all,3,0.48095319470974884,8.277418462643534e-12,178
sub-00063,br,readingTime,frequency,all,3,-0.12425446048829152,0.09653658338845006,178
sub-00063,br,readingTime,old20,all,3,0.4458175888102689,3.5720600305895647e-10,178
sub-00063,br,readingTime,length,all,4,0.4449726534040907,3.8903820474002876e-10,178
sub-00063,br,readingTime,frequency,all,4,-0.1035187117115937,0.16669808059821933,178
sub-00063,br,readingTime,old20,all,4,0.42642040576445533,2.3927442381878963e-09,178
sub-00065,br,readingTime,length,all,2,0.2866028837651709,9.597909379397744e-05,178
sub-00065,br,readingTime,frequency,all,2,-0.07119240306460384,0.3422658551817762,178
sub-00065,br,readingTime,old20,all,2,0.27137043947533795,0.00022884499496326016,178
sub-00065,br,readingTime,length,all,3,0.4435210073606983,4.5024601181688214e-10,178
sub-00065,br,readingTime,frequency,all,3,-0.04747924304034227,0.5267857840979515,178
sub-00065,br,readingTime,old20,all,3,0.4228954666614752,3.337940295399059e-09,178
sub-00065,br,readingTime,length,all,4,0.42936836525113375,1.8059171648205177e-09,178
sub-00065,br,readingTime,frequency,all,4,-0.0978105124950968,0.19146485681043568,178
sub-00065,br,readingTime,old20,all,4,0.3491422569978479,1.5580860272158475e-06,178
sub-00066,cb,readingTime,length,all,2,0.3318141214928195,5.356282201744274e-06,178
sub-00066,cb,readingTime,frequency,all,2,0.046301485102379816,0.5371008244342024,178
sub-00066,cb,readingTime,old20,all,2,0.35450918116804797,1.0468392829203418e-06,178
sub-00066,cb,readingTime,length,all,3,0.05471057694841236,0.4657250528319296,178
sub-00066,cb,readingTime,frequency,all,3,-0.05831054836272104,0.43684627695985423,178
sub-00066,cb,readingTime,old20,all,3,0.09157004626087104,0.22149878494575304,178
sub-00066,cb,readingTime,length,all,4,0.1870316620117946,0.011935816939872427,178
sub-00066,cb,readingTime,frequency,all,4,0.06732798343521203,0.36917161045286717,178
sub-00066,cb,readingTime,old20,all,4,0.17110063091507996,0.0216458830727263,178
sub-00067,cb,readingTime,length,all,2,0.08769847811658457,0.2417360744315488,178
sub-00067,cb,readingTime,frequency,all,2,-0.006189766156001526,0.9342756236377231,178
sub-00067,cb,readingTime,old20,all,2,0.01520987906565316,0.8394070289576467,178
sub-00067,cb,readingTime,length,all,3,0.10302443486869226,0.1687432403353568,178
sub-00067,cb,readingTime,frequency,all,3,-0.029708160786141285,0.6921880758242531,178
sub-00067,cb,readingTime,old20,all,3,0.11365803831250561,0.1287156065956676,178
sub-00067,cb,readingTime,length,all,4,-0.019073943025037385,0.7993842280629888,178
sub-00067,cb,readingTime,frequency,all,4,0.08384272800326267,0.2631388328852236,178
sub-00067,cb,readingTime,old20,all,4,0.0314593145248133,0.6750448808103681,178
sub-00068,cb,readingTime,length,all,2,0.02388334847708548,0.7503015227278242,178
sub-00068,cb,readingTime,frequency,all,2,-0.04666816782278954,0.5338785823702363,178
sub-00068,cb,readingTime,old20,all,2,0.03266064233900011,0.6633795873368667,178
sub-00068,cb,readingTime,length,all,3,0.01069460969644762,0.8866947869890525,178
sub-00068,cb,readingTime,frequency,all,3,-0.019092133525410424,0.7991969595827673,178
sub-00068,cb,readingTime,old20,all,3,0.03136120080759916,0.6760010730957685,178
sub-00068,cb,readingTime,length,all,4,-0.008964088902714737,0.904934369824177,178
sub-00068,cb,readingTime,frequency,all,4,-0.024477725539232997,0.7443001770358524,178
sub-00068,cb,readingTime,old20,all,4,0.014419657265924436,0.8476464805655728,178
sub-00069,cb,readingTime,length,all,2,0.3720098493931098,2.717987505236824e-07,178
sub-00069,cb,readingTime,frequency,all,2,-0.08801339839933348,0.24004327629388306,178
sub-00069,cb,readingTime,old20,all,2,0.3163099756905493,1.520000667969635e-05,178
sub-00069,cb,readingTime,length,all,3,0.1977360097608758,0.007796714343844106,178
sub-00069,cb,readingTime,frequency,all,3,0.1946250704224215,0.008843082977226179,178
sub-00069,cb,readingTime,old20,all,3,0.21915334023156832,0.003118753643138502,178
sub-00069,cb,readingTime,length,all,4,0.20847009679837333,0.0049794904596837325,178
sub-00069,cb,readingTime,frequency,all,4,0.015122293795105046,0.8403194171026045,178
sub-00069,cb,readingTime,old20,all,4,0.33642190188836746,3.8850818033757e-06,178
sub-00070,cb,readingTime,length,all,2,0.099094941384334,0.18567053068392603,178
sub-00070,cb,readingTime,frequency,all,2,-0.02493827462632185,0.7396606167208641,178
sub-00070,cb,readingTime,old20,all,2,0.10998815814952832,0.14160815966727838,178
sub-00070,cb,readingTime,length,all,3,-0.03682037003216191,0.6236230760485858,178
sub-00070,cb,readingTime,frequency,all,3,0.008798922924181718,0.9066779656427907,178
sub-00070,cb,readingTime,old20,all,3,0.010776756621660107,0.8858303639420109,178
sub-00070,cb,readingTime,length,all,4,0.1009548491120689,0.1775095034001926,178
sub-00070,cb,readingTime,frequency,all,4,-0.005123969861925539,0.9455732630976947,178
sub-00070,cb,readingTime,old20,all,4,0.08952491504890903,0.23203374206865865,178
sub-00071,cb,readingTime,length,all,2,0.3056448374157232,3.0144012675851276e-05,178
sub-00071,cb,readingTime,frequency,all,2,-0.08932714330881866,0.23307090395417215,178
sub-00071,cb,readingTime,old20,all,2,0.24011546358228036,0.001167615127979923,178
sub-00071,cb,readingTime,length,all,3,0.0899783032476046,0.2296683387421336,178
sub-00071,cb,readingTime,frequency,all,3,-0.08579209095641033,0.252161347757757,178
sub-00071,cb,readingTime,old20,all,3,0.06080868355670145,0.4174224329894742,178
sub-00071,cb,readingTime,length,all,4,0.202931319592741,0.006292659667646575,178
sub-00071,cb,readingTime,frequency,all,4,-0.000819068341986384,0.9912933377910025,178
sub-00071,cb,readingTime,old20,all,4,0.12552941997241815,0.09313857268652426,178
sub-00074,br,readingTime,length,all,2,0.1289683133318069,0.08444636116711171,178
sub-00074,br,readingTime,frequency,all,2,-0.05007578361362602,0.5044045274885507,178
sub-00074,br,readingTime,old20,all,2,0.14291929037328932,0.055627569228845895,178
sub-00074,br,readingTime,length,all,3,0.1351578099360011,0.07044957561205807,178
sub-00074,br,readingTime,frequency,all,3,-0.045811912057207166,0.541418027030362,178
sub-00074,br,readingTime,old20,all,3,0.09451639189125119,0.206925957789783,178
sub-00074,br,readingTime,length,all,4,0.04244539365061323,0.5715620667307821,178
sub-00074,br,readingTime,frequency,all,4,-0.04767414721926581,0.5250884971451316,178
sub-00074,br,readingTime,old20,all,4,0.11706337864556925,0.11757961639837795,178
sub-00076,br,readingTime,length,all,2,0.19461178015561076,0.008847807880017726,178
sub-00076,br,readingTime,frequency,all,2,-0.09157940577930034,0.22145136626598053,178
sub-00076,br,readingTime,old20,all,2,0.18136616760199317,0.014827195309652277,178
sub-00076,br,readingTime,length,all,3,0.1425144725537165,0.056331188366578445,178
sub-00076,br,readingTime,frequency,all,3,-0.009986313836017922,0.8941535457744028,178
sub-00076,br,readingTime,old20,all,3,0.08446738566023514,0.2595861420527581,178
sub-00076,br,readingTime,length,all,4,0.0526564370801918,0.4826631051100447,178
sub-00076,br,readingTime,frequency,all,4,-0.007247881931732411,0.9230723625178399,178
sub-00076,br,readingTime,old20,all,4,0.10643738316659285,0.15499670901388274,178
sub-00077,br,readingTime,length,all,2,0.2278374662200069,0.0020978061303930724,178
sub-00077,br,readingTime,frequency,all,2,-0.15699605049979462,0.035315813086925024,178
sub-00077,br,readingTime,old20,all,2,0.21179800294700438,0.004314193267543062,178
sub-00077,br,readingTime,length,all,3,0.18679133937109588,0.012047574663990954,178
sub-00077,br,readingTime,frequency,all,3,0.043869376484024426,0.5587153852017637,178
sub-00077,br,readingTime,old20,all,3,0.28099018975389667,0.00013297333048114946,178
sub-00077,br,readingTime,length,all,4,0.2544398829574214,0.0005672867800532372,178
sub-00077,br,readingTime,frequency,all,4,-0.07471759010725403,0.31883630034704363,178
sub-00077,br,readingTime,old20,all,4,0.24125958297707806,0.0011038836403715064,178
sub-00079,br,readingTime,length,all,2,0.32466740893952356,8.724854322168183e-06,178
sub-00079,br,readingTime,frequency,all,2,0.0388388599716081,0.604707268786907,178
sub-00079,br,readingTime,old20,all,2,0.4205681074973368,4.149849501434958e-09,178
sub-00079,br,readingTime,length,all,3,0.4463119783591981,3.397653676212646e-10,178
sub-00079,br,readingTime,frequency,all,3,-0.09506645870560175,0.20428354784165054,178
sub-00079,br,readingTime,old20,all,3,0.5581931042693472,3.918706739886362e-16,178
sub-00079,br,readingTime,length,all,4,0.36070287891160646,6.5551566743325e-07,178
sub-00079,br,readingTime,frequency,all,4,-0.09375382225393386,0.21062974706926077,178
sub-00079,br,readingTime,old20,all,4,0.38815918961596213,7.283586423513509e-08,178
sub-00080,br,readingTime,length,all,2,0.35299484311457513,1.1720191308846993e-06,178
sub-00080,br,readingTime,frequency,all,2,0.11434894221817522,0.12639290593186264,178
sub-00080,br,readingTime,old20,all,2,0.4061818069377976,1.5374155868436466e-08,178
sub-00080,br,readingTime,length,all,3,0.5156521422273707,1.2873693928015436e-13,178
sub-00080,br,readingTime,frequency,all,3,-0.13169421868472186,0.07802918799687149,178
sub-00080,br,readingTime,old20,all,3,0.47276173531308696,2.069519610268461e-11,178
sub-00080,br,readingTime,length,all,4,0.33387219905071563,4.643543016739487e-06,178
sub-00080,br,readingTime,frequency,all,4,-0.031199733650121058,0.6775758206178363,178
sub-00080,br,readingTime,old20,all,4,0.31286733612473894,1.9014288856733317e-05,178
sub-00081,br,readingTime,length,all,2,0.5199201615432608,7.461796343207957e-14,178
sub-00081,br,readingTime,frequency,all,2,-0.06559711751547177,0.38163420632474554,178
sub-00081,br,readingTime,old20,all,2,0.5283388467499925,2.4877812256339092e-14,178
sub-00081,br,readingTime,length,all,3,0.16297717846636076,0.02881767880686646,178
sub-00081,br,readingTime,frequency,all,3,-0.05178197707605284,0.48997318416667796,178
sub-00081,br,readingTime,old20,all,3,0.11408361946153432,0.12728101834608752,178
sub-00081,br,readingTime,length,all,4,0.11192217558473692,0.13469634981516795,178
sub-00081,br,readingTime,frequency,all,4,-0.03077303819038019,0.6817439850961249,178
sub-00081,br,readingTime,old20,all,4,0.09045617543528803,0.2271936645825206,178
sub-00082,br,readingTime,length,all,2,0.11918784761682061,0.11102154065625139,178
sub-00082,br,readingTime,frequency,all,2,0.06490746997502472,0.3866702893864484,178
sub-00082,br,readingTime,old20,all,2,0.05594575429497971,0.45569981213624694,178
sub-00082,br,readingTime,length,all,3,0.004110380156218221,0.9563276159840297,178
sub-00082,br,readingTime,frequency,all,3,-0.014987235935576784,0.8417267504911677,178
sub-00082,br,readingTime,old20,all,3,0.006328591512433209,0.9328049661680256,178
sub-00082,br,readingTime,length,all,4,-0.034404868559337984,0.6465862518463122,178
sub-00082,br,readingTime,frequency,all,4,0.0009364960051713818,0.9900451468413256,178
sub-00082,br,readingTime,old20,all,4,-0.03533080030984289,0.6377427429007674,178
sub-00083,br,readingTime,length,all,2,0.4580478390494,1.011026225274573e-10,178
sub-00083,br,readingTime,frequency,all,2,-0.13476521592097684,0.07127740838590954,178
sub-00083,br,readingTime,old20,all,2,0.4958133617961355,1.4736900714691812e-12,178
sub-00083,br,readingTime,length,all,3,0.2321867394526949,0.0017104413174976023,178
sub-00083,br,readingTime,frequency,all,3,-0.05897462435062158,0.4316331152456689,178
sub-00083,br,readingTime,old20,all,3,0.1829465210472133,0.013964786093676053,178
sub-00083,br,readingTime,length,all,4,0.34306733171003106,2.422580044974929e-06,178
sub-00083,br,readingTime,frequency,all,4,-0.05763502179632495,0.44218602992411443,178
sub-00083,br,readingTime,old20,all,4,0.32095989601287256,1.118389917009692e-05,178
sub-00084,br,readingTime,length,all,2,-0.056039494153951756,0.4549439260470591,178
sub-00084,br,readingTime,frequency,all,2,-0.04528576692638833,0.5460768063994398,178
sub-00084,br,readingTime,old20,all,2,-0.04448521854927868,0.5532028876641749,178
sub-00084,br,readingTime,length,all,3,-0.19382507529622545,0.00913150871574426,178
sub-00084,br,readingTime,frequency,all,3,-0.055145444180500595,0.46218169137930687,178
sub-00084,br,readingTime,old20,all,3,-0.1580146650214883,0.034128690834523634,178
sub-00084,br,readingTime,length,all,4,0.09682083196799643,0.1960186766138815,178
sub-00084,br,readingTime,frequency,all,4,0.11115998522905127,0.13738874202683446,178
sub-00084,br,readingTime,old20,all,4,0.19640391983211736,0.008230490880111428,178
sub-00085,br,readingTime,length,all,2,0.38322453221854985,1.0974470544605006e-07,178
sub-00085,br,readingTime,frequency,all,2,-0.0862657856967618,0.2495423384038411,178
sub-00085,br,readingTime,old20,all,2,0.4011220550181171,2.4017436746515226e-08,178
sub-00085,br,readingTime,length,all,3,0.3993811945803448,2.7953739762717603e-08,178
sub-00085,br,readingTime,frequency,all,3,-0.03736945800763379,0.6184522968792533,178
sub-00085,br,readingTime,old20,all,3,0.3980678834307214,3.132673192694277e-08,178
sub-00085,br,readingTime,length,all,4,0.32629882497703866,7.813706198747834e-06,178
sub-00085,br,readingTime,frequency,all,4,0.02277488906091454,0.7615333567480004,178
sub-00085,br,readingTime,old20,all,4,0.2723889424356622,0.00021626512973404652,178
sub-00086,br,readingTime,length,all,2,0.36832238388111305,3.6353409840754907e-07,178
sub-00086,br,readingTime,frequency,all,2,0.05050568821459738,0.5007474827199314,178
sub-00086,br,readingTime,old20,all,2,0.2356078108522272,0.0014528869864619783,178
sub-00086,br,readingTime,length,all,3,0.19847941552550463,0.007563570236606033,178
sub-00086,br,readingTime,frequency,all,3,0.06818854368269979,0.3630699017714409,178
sub-00086,br,readingTime,old20,all,3,0.1706443172933946,0.02200342604094841,178
sub-00086,br,readingTime,length,all,4,0.24927784113805126,0.0007393791830222523,178
sub-00086,br,readingTime,frequency,all,4,-0.0936023566234759,0.21137103928431067,178
sub-00086,br,readingTime,old20,all,4,0.27218466010568526,0.00021873547040909136,178
sub-00087,br,readingTime,length,all,2,0.11953864617638241,0.10996674266846249,178
sub-00087,br,readingTime,frequency,all,2,-0.09343150465242114,0.2122094532401721,178
sub-00087,br,readingTime,old20,all,2,0.0860358867012984,0.25081106276010745,178
sub-00087,br,readingTime,length,all,3,0.02667061810698157,0.7222942473283864,178
sub-00087,br,readingTime,frequency,all,3,-0.024702182771545178,0.7420378389615795,178
sub-00087,br,readingTime,old20,all,3,-0.015066571098005096,0.8408999991295016,178
sub-00087,br,readingTime,length,all,4,-0.058827230827267485,0.4327870939537396,178
sub-00087,br,readingTime,frequency,all,4,-0.031000182694084725,0.6795239207310725,178
sub-00087,br,readingTime,old20,all,4,0.0102239608141986,0.8916499198171531,178
sub-00088,br,readingTime,length,all,2,0.17221869601957235,0.020790953801293553,178
sub-00088,br,readingTime,frequency,all,2,-0.027844447881881222,0.710606361417181,178
sub-00088,br,readingTime,old20,all,2,0.132022914689101,0.07728272526847171,178
sub-00088,br,readingTime,length,all,3,0.2913682980668793,7.237751666000486e-05,178
sub-00088,br,readingTime,frequency,all,3,-0.06481502765814948,0.38734838306903274,178
sub-00088,br,readingTime,old20,all,3,0.25689559174451576,0.0004991462612941245,178
sub-00088,br,readingTime,length,all,4,0.2844451413208768,0.0001088836168589635,178
sub-00088,br,readingTime,frequency,all,4,-0.031772771266198506,0.6719934978828678,178
sub-00088,br,readingTime,old20,all,4,0.2623131105594697,0.00037471644430513964,178
sub-00089,br,readingTime,length,all,2,0.021113556351745076,0.7784603738383672,178
sub-00089,br,readingTime,frequency,all,2,-0.028441124477142594,0.7046907870609809,178
sub-00089,br,readingTime,old20,all,2,0.053905420852395594,0.47232490626722795,178
sub-00089,br,readingTime,length,all,3,-0.12369109309157367,0.09806905460721937,178
sub-00089,br,readingTime,frequency,all,3,0.18628073506870313,0.012288079162535985,178
sub-00089,br,readingTime,old20,all,3,-0.07095947119773467,0.3438515179730219,178
sub-00089,br,readingTime,length,all,4,0.06291054589066453,0.40147781823362194,178
sub-00089,br,readingTime,frequency,all,4,-0.028819375164385434,0.7009498560255264,178
sub-00089,br,readingTime,old20,all,4,0.13009917181903802,0.08173456075560229,178
sub-00090,br,readingTime,length,all,2,-0.06416316375297716,0.3921503914464731,178
sub-00090,br,readingTime,frequency,all,2,-0.002186731734550711,0.9767579358318246,178
sub-00090,br,readingTime,old20,all,2,-0.011495318918288205,0.8782748646403717,178
sub-00090,br,readingTime,length,all,3,0.03828108310013505,0.6099088149444086,178
sub-00090,br,readingTime,frequency,all,3,-0.018453927294558196,0.805773970113728,178
sub-00090,br,readingTime,old20,all,3,0.02103246977615812,0.7792892960398525,178
sub-00090,br,readingTime,length,all,4,-0.0682973209582653,0.36230310907198937,178
sub-00090,br,readingTime,frequency,all,4,0.00288871375369622,0.9693000042215439,178
sub-00090,br,readingTime,old20,all,4,0.011616295230218987,0.8770038909441203,178
sub-00092,cb,readingTime,length,all,2,0.3277843801319318,7.063142695716026e-06,178
sub-00092,cb,readingTime,frequency,all,2,-0.05634219733353819,0.4525078189311939,178
sub-00092,cb,readingTime,old20,all,2,0.2960876041696657,5.4457709105591497e-05,178
sub-00092,cb,readingTime,length,all,3,0.19930557929703122,0.007311760885573898,178
sub-00092,cb,readingTime,frequency,all,3,-0.025233170080709213,0.7366947605996901,178
sub-00092,cb,readingTime,old20,all,3,0.07836680728341026,0.2957063442510166,178
sub-00092,cb,readingTime,length,all,4,0.4047961285772624,1.738479147298979e-08,178
sub-00092,cb,readingTime,frequency,all,4,-0.11295309908606864,0.13111924808980857,178
sub-00092,cb,readingTime,old20,all,4,0.35238826402033935,1.2260626816280271e-06,178
sub-00093,cb,readingTime,length,all,2,0.3087282412937329,2.4797324787611725e-05,178
sub-00093,cb,readingTime,frequency,all,2,-0.06401094029536546,0.39327689280178174,178
sub-00093,cb,readingTime,old20,all,2,0.3761364843284015,1.9545065629789497e-07,178
sub-00093,cb,readingTime,length,all,3,0.28955883206905214,8.061247104343518e-05,178
sub-00093,cb,readingTime,frequency,all,3,-0.10654701778157472,0.15456954184870106,178
sub-00093,cb,readingTime,old20,all,3,0.18014725441115284,0.01552380331796536,178
sub-00093,cb,readingTime,length,all,4,0.23222684213822015,0.001707195189151203,178
sub-00093,cb,readingTime,frequency,all,4,0.29317255776337553,6.495693543285888e-05,178
sub-00093,cb,readingTime,old20,all,4,0.24674349139626223,0.000840414083839339,178
sub-00094,cb,readingTime,length,all,2,0.35755929630961053,8.323423665592268e-07,178
sub-00094,cb,readingTime,frequency,all,2,-0.05251382648739545,0.48385123916216927,178
sub-00094,cb,readingTime,old20,all,2,0.3014994520578494,3.9058469943602564e-05,178
sub-00094,cb,readingTime,length,all,3,0.36896740394748084,3.455938736454124e-07,178
sub-00094,cb,readingTime,frequency,all,3,0.02926805267695431,0.6965217091639818,178
sub-00094,cb,readingTime,old20,all,3,0.42610399228170986,2.4657134009337843e-09,178
sub-00094,cb,readingTime,length,all,4,0.23042574347254377,0.0018586593348951103,178
sub-00094,cb,readingTime,frequency,all,4,-0.016502007607638806,0.8259722314287854,178
sub-00094,cb,readingTime,old20,all,4,0.34187039017027826,2.639817838908346e-06,178
sub-00095,cb,readingTime,length,all,2,0.34538563381671106,2.0492774231404914e-06,178
sub-00095,cb,readingTime,frequency,all,2,-0.033624182573597214,0.6540812523703897,178
sub-00095,cb,readingTime,old20,all,2,0.43727457982364154,8.377661546150237e-10,178
sub-00095,cb,readingTime,length,all,3,0.28400336673102267,0.00011171840724210673,178
sub-00095,cb,readingTime,frequency,all,3,-0.030992899835059613,0.6795950593014546,178
sub-00095,cb,readingTime,old20,all,3,0.3625055929024013,5.70955664188606e-07,178
sub-00095,cb,readingTime,length,all,4,0.2569962837223503,0.0004965208800465334,178
sub-00095,cb,readingTime,frequency,all,4,-0.06823073971941293,0.3627723340086662,178
sub-00095,cb,readingTime,old20,all,4,0.2650670921577464,0.00032313182286299914,178
sub-00097,cb,readingTime,length,all,2,0.08091597411355068,0.2802266664483143,178
sub-00097,cb,readingTime,frequency,all,2,-0.02029220063764149,0.7868682311958276,178
sub-00097,cb,readingTime,old20,all,2,0.034242229932493345,0.64814477204513,178
sub-00097,cb,readingTime,length,all,3,-0.11448677661001065,0.12593342645437616,178
sub-00097,cb,readingTime,frequency,all,3,-0.009266025865649815,0.9017481138822787,178
sub-00097,cb,readingTime,old20,all,3,-0.09379481022382301,0.2104294676922762,178
sub-00097,cb,readingTime,length,all,4,-0.0804301636832613,0.2831338097734916,178
sub-00097,cb,readingTime,frequency,all,4,-0.0231941178420265,0.7572793780970263,178
sub-00097,cb,readingTime,old20,all,4,-0.018358118084151102,0.8067625177741201,178
sub-00098,cb,readingTime,length,all,2,0.2742631646102407,0.00019478238167954098,178
sub-00098,cb,readingTime,frequency,all,2,-0.06295940686222525,0.40111152602872313,178
sub-00098,cb,readingTime,old20,all,2,0.29153374940212323,7.166528773130131e-05,178
sub-00098,cb,readingTime,length,all,3,0.21510703942523476,0.003733015581347784,178
sub-00098,cb,readingTime,frequency,all,3,-0.033564912760379415,0.6546517013381163,178
sub-00098,cb,readingTime,old20,all,3,0.21169485370757407,0.00433355051470757,178
sub-00098,cb,readingTime,length,all,4,0.2775929030400749,0.00016144310222305103,178
sub-00098,cb,readingTime,frequency,all,4,0.02801975825052109,0.7088664855103971,178
sub-00098,cb,readingTime,old20,all,4,0.2664157778499924,0.0003003493609681145,178
sub-00100,br,readingTime,length,all,2,0.5126030293407787,1.891931863386199e-13,178
sub-00100,br,readingTime,frequency,all,2,-0.06391533512515407,0.39398539375223285,178
sub-00100,br,readingTime,old20,all,2,0.44009812028511863,6.337251557558154e-10,178
sub-00100,br,readingTime,length,all,3,0.3704531175011886,3.074382443626851e-07,178
sub-00100,br,readingTime,frequency,all,3,-0.01772059521941409,0.8133481247592588,178
sub-00100,br,readingTime,old20,all,3,0.33920582558428086,3.1918760138231026e-06,178
sub-00100,br,readingTime,length,all,4,0.21600232912134304,0.0035884066452216584,178
sub-00100,br,readingTime,frequency,all,4,-0.11465592221323431,0.12537133346383497,178
sub-00100,br,readingTime,old20,all,4,0.18671266887067783,0.012084358241621282,178
sub-00101,cb,readingTime,length,all,2,-0.035203989979527506,0.6389509185585112,178
sub-00101,cb,readingTime,frequency,all,2,-0.05084736312417817,0.4978509467715351,178
sub-00101,cb,readingTime,old20,all,2,-0.04533033066637866,0.5456814519592259,178
sub-00101,cb,readingTime,length,all,3,0.07268080202737202,0.33224344048858767,178
sub-00101,cb,readingTime,frequency,all,3,-0.04696968630618845,0.5312362479220352,178
sub-00101,cb,readingTime,old20,all,3,0.08017868303166821,0.2846466284759387,178
sub-00101,cb,readingTime,length,all,4,0.08077191186745457,0.2810866457344612,178
sub-00101,cb,readingTime,frequency,all,4,0.19889731557255474,0.007435249432347142,178
sub-00101,cb,readingTime,old20,all,4,0.05805918417464767,0.438828890084498,178
sub-00104,cb,readingTime,length,all,2,0.4983366395030647,1.0902198176978599e-12,178
sub-00104,cb,readingTime,frequency,all,2,-0.11880482045687861,0.1121822721304839,178
sub-00104,cb,readingTime,old20,all,2,0.45333252484332087,1.6545411138548437e-10,178
sub-00104,cb,readingTime,length,all,3,0.3901116865714595,6.181442696454115e-08,178
sub-00104,cb,readingTime,frequency,all,3,-0.05438999275250357,0.46834677203703706,178
sub-00104,cb,readingTime,old20,all,3,0.4425938864124785,4.941083465174913e-10,178
sub-00104,cb,readingTime,length,all,4,0.21464826610372906,0.003809134591215318,178
sub-00104,cb,readingTime,frequency,all,4,-0.039132641050240294,0.6019755716038969,178
sub-00104,cb,readingTime,old20,all,4,0.1976880216377117,0.007811981249515911,178
sub-00106,cb,readingTime,length,all,2,0.13893107672666638,0.06288539613987917,178
sub-00106,cb,readingTime,frequency,all,2,-0.06433393344560605,0.3908889544690088,178
sub-00106,cb,readingTime,old20,all,2,0.1083847138235475,0.14754074191650035,178
sub-00106,cb,readingTime,length,all,3,0.11542311904343824,0.122846146857501,178
sub-00106,cb,readingTime,frequency,all,3,-0.06078995929177613,0.4175661169864444,178
sub-00106,cb,readingTime,old20,all,3,0.1396880444943968,0.06145113096914226,178
sub-00106,cb,readingTime,length,all,4,0.06104660672058322,0.41559920455379273,178
sub-00106,cb,readingTime,frequency,all,4,-0.028568127778778037,0.7034339184880475,178
sub-00106,cb,readingTime,old20,all,4,0.1672274271137064,0.024846237847620738,178
sub-00107,cb,readingTime,length,all,2,-0.11384111022300152,0.1280969713709883,178
sub-00107,cb,readingTime,frequency,all,2,0.07361054033025195,0.3260792679237717,178
sub-00107,cb,readingTime,old20,all,2,-0.008179625975721489,0.913219557678283,178
sub-00107,cb,readingTime,length,all,3,0.03150819897772035,0.6745686588256984,178
sub-00107,cb,readingTime,frequency,all,3,-0.06347470142178809,0.39726068600747,178
sub-00107,cb,readingTime,old20,all,3,-0.005652884182266677,0.9399651745518005,178
sub-00107,cb,readingTime,length,all,4,-0.0014099252581275211,0.9850131324647601,178
sub-00107,cb,readingTime,frequency,all,4,-0.02022192082222162,0.7875888155306389,178
sub-00107,cb,readingTime,old20,all,4,-0.039549742345321444,0.5981066990451454,178
sub-00108,br,readingTime,length,all,2,0.1445113490066641,0.05293045668543044,178
sub-00108,br,readingTime,frequency,all,2,0.05734786889593047,0.4444670210253982,178
sub-00108,br,readingTime,old20,all,2,0.12823274974336607,0.08624866215778806,178
sub-00108,br,readingTime,length,all,3,0.2797272105211039,0.00014295983310100868,178
sub-00108,br,readingTime,frequency,all,3,-0.06757885918365875,0.36738630798992544,178
sub-00108,br,readingTime,old20,all,3,0.20582372990886094,0.005572688056287523,178
sub-00108,br,readingTime,length,all,4,0.11060592795123303,0.139371606158899,178
sub-00108,br,readingTime,frequency,all,4,-0.05323739769249087,0.47783922398428735,178
sub-00108,br,readingTime,old20,all,4,0.06473062072567043,0.3879681621726222,178
sub-00111,cb,readingTime,length,all,2,0.515920460088463,1.2442558761869318e-13,178
sub-00111,cb,readingTime,frequency,all,2,-0.09190443782590027,0.21980910971132647,178
sub-00111,cb,readingTime,old20,all,2,0.46392614362714657,5.4134405586121455e-11,178
sub-00111,cb,readingTime,length,all,3,0.4691888539237299,3.063210792772845e-11,178
sub-00111,cb,readingTime,frequency,all,3,-0.08073204873910601,0.28132492204059784,178
sub-00111,cb,readingTime,old20,all,3,0.40806602990759205,1.2996223508647334e-08,178
sub-00111,cb,readingTime,length,all,4,0.11922831373862275,0.11089946258435865,178
sub-00111,cb,readingTime,frequency,all,4,-0.11081708500466206,0.13861335525813528,178
sub-00111,cb,readingTime,old20,all,4,0.19908181028278632,0.007379216991371019,178
sub-00113,cb,readingTime,length,all,2,0.4391044753570385,6.993385789359051e-10,178
sub-00113,cb,readingTime,frequency,all,2,-0.009216281883023425,0.9022729415702767,178
sub-00113,cb,readingTime,old20,all,2,0.36440572564189533,4.931531785841501e-07,178
sub-00113,cb,readingTime,length,all,3,0.08689713378546585,0.24608106971967766,178
sub-00113,cb,readingTime,frequency,all,3,-0.030502978141945632,0.6843870554295842,178
sub-00113,cb,readingTime,old20,all,3,0.11909954998046936,0.11128828186139288,178
sub-00113,cb,readingTime,length,all,4,0.2067645249649148,0.005354926111213244,178
sub-00113,cb,readingTime,frequency,all,4,0.0032048187171491082,0.9659425018445849,178
sub-00113,cb,readingTime,old20,all,4,0.21752992239650382,0.0033532911022479987,178
sub-00114,cb,readingTime,length,all,2,0.33603044675445454,3.99333540092143e-06,178
sub-00114,cb,readingTime,frequency,all,2,-0.10172526184449758,0.17420774580311452,178
sub-00114,cb,readingTime,old20,all,2,0.32592812712335906,8.012455819938349e-06,178
sub-00114,cb,readingTime,length,all,3,0.3499415844708424,1.4691619119744812e-06,178
sub-00114,cb,readingTime,frequency,all,3,-0.09247257132503868,0.21695940694358137,178
sub-00114,cb,readingTime,old20,all,3,0.3444629880681929,2.190760673968814e-06,178
sub-00114,cb,readingTime,length,all,4,0.12968142041719194,0.08272805359798382,178
sub-00114,cb,readingTime,frequency,all,4,-0.016658734451462896,0.8243460255253968,178
sub-00114,cb,readingTime,old20,all,4,0.04060858065952179,0.5883359720069588,178
sub-51175,br,readingTime,length,all,2,0.41078059866797434,1.0183272592183353e-08,178
sub-51175,br,readingTime,frequency,all,2,-0.08747693952811525,0.2429318958163931,178
sub-51175,br,readingTime,old20,all,2,0.4089466657593841,1.201035331434878e-08,178
sub-51175,br,readingTime,length,all,3,0.26629403879973174,0.00030234287187311856,178
sub-51175,br,readingTime,frequency,all,3,-0.08866236198260233,0.23658105688249992,178
sub-51175,br,readingTime,old20,all,3,0.18861713085446397,0.011221099760930017,178
sub-51175,br,readingTime,length,all,4,0.3736293649599735,2.3893544389009693e-07,178
sub-51175,br,readingTime,frequency,all,4,-0.045486396926770895,0.5442979956155569,178
sub-51175,br,readingTime,old20,all,4,0.2573548837123169,0.00048727430593845995,178
sub-52204,cb,readingTime,length,all,2,0.19709052242633354,0.008004305052313924,178
sub-52204,cb,readingTime,frequency,all,2,-0.062493338081683905,0.40461356657582775,178
sub-52204,cb,readingTime,old20,all,2,0.11501615746976458,0.12418068789652636,178
sub-52204,cb,readingTime,length,all,3,0.13025977927723656,0.08135516899499358,178
sub-52204,cb,readingTime,frequency,all,3,0.06392706400110762,0.3938984334035338,178
sub-52204,cb,readingTime,old20,all,3,0.03666106835736607,0.6251266885048682,178
sub-52204,cb,readingTime,length,all,4,-0.07911046316570713,0.29113301630785365,178
sub-52204,cb,readingTime,frequency,all,4,-0.036348964269589355,0.6280770521124275,178
sub-52204,cb,readingTime,old20,all,4,-0.0324963236426289,0.6649704863009266,178
sub-53500,br,readingTime,length,all,2,0.19978878174871328,0.00716796565972373,178
sub-53500,br,readingTime,frequency,all,2,-0.06873992947439286,0.35919345766282745,178
sub-53500,br,readingTime,old20,all,2,0.128822064914983,0.08480227629315992,178
sub-53500,br,readingTime,length,all,3,0.06499790245818374,0.3860076339380468,178
sub-53500,br,readingTime,frequency,all,3,-0.05180526132557542,0.48977777631398517,178
sub-53500,br,readingTime,old20,all,3,0.1256944265936793,0.0927058418349228,178
sub-53500,br,readingTime,length,all,4,0.22439542597336878,0.002459161500762191,178
sub-53500,br,readingTime,frequency,all,4,0.0831957150405693,0.26685360094449645,178
sub-53500,br,readingTime,old20,all,4,0.06983555607857704,0.3515676825648123,178
sub-55009,br,readingTime,length,all,2,0.2881289570526816,8.773257930227594e-05,178
sub-55009,br,readingTime,frequency,all,2,-0.07856738686844617,0.29446815086968964,178
sub-55009,br,readingTime,old20,all,2,0.279190271634685,0.00014741404564299086,178
sub-55009,br,readingTime,length,all,3,0.0847225555463912,0.2581444017090741,178
sub-55009,br,readingTime,frequency,all,3,-0.04429281137264619,0.5549223117757766,178
sub-55009,br,readingTime,old20,all,3,0.09777937283030352,0.19160695368874417,178
sub-55009,br,readingTime,length,all,4,0.20281507036834415,0.006323257409894862,178
sub-55009,br,readingTime,frequency,all,4,0.021015317468977637,0.7794646705364139,178
sub-55009,br,readingTime,old20,all,4,0.218898169975915,0.003154607513481109,178
sub-55678,br,readingTime,length,all,2,0.2290769439066544,0.0019799946338499427,178
sub-55678,br,readingTime,frequency,all,2,-0.0865890012866164,0.24776616723062478,178
sub-55678,br,readingTime,old20,all,2,0.28826685457695733,8.702107035827282e-05,178
sub-55678,br,readingTime,length,all,3,0.35659739937515855,8.949882886002559e-07,178
sub-55678,br,readingTime,frequency,all,3,-0.025424064772733918,0.7347769412069404,178
sub-55678,br,readingTime,old20,all,3,0.34147135144526963,2.7162727328446463e-06,178
sub-55678,br,readingTime,length,all,4,0.1588600921594625,0.033169253957511864,178
sub-55678,br,readingTime,frequency,all,4,0.19058195285112328,0.0103878516812064,178
sub-55678,br,readingTime,old20,all,4,0.23872545266768466,0.0012495731078904628,178
sub-55756,cb,readingTime,length,all,2,0.18475016512024575,0.013034458360244788,178
sub-55756,cb,readingTime,frequency,all,2,-0.03568756479657379,0.6343488201807149,178
sub-55756,cb,readingTime,old20,all,2,0.05459656167704095,0.4666565357148831,178
sub-55756,cb,readingTime,length,all,3,0.19076930482464108,0.01031132474685865,178
sub-55756,cb,readingTime,frequency,all,3,-0.017096141003866305,0.8198114466203656,178
sub-55756,cb,readingTime,old20,all,3,0.1638358946266761,0.02797425880378984,178
sub-55756,cb,readingTime,length,all,4,0.19670757354055285,0.008129768759494529,178
sub-55756,cb,readingTime,frequency,all,4,-0.003179595785313295,0.9662103854998281,178
sub-55756,cb,readingTime,old20,all,4,0.11676904349424538,0.11851150332877818,178
sub-55879,br,readingTime,length,all,2,0.2386405264851024,0.0012547473192433259,178
sub-55879,br,readingTime,frequency,all,2,-0.005257529256601701,0.9441568669581776,178
sub-55879,br,readingTime,old20,all,2,0.171426935605317,0.021393293268704,178
sub-55879,br,readingTime,length,all,3,0.16346487925471154,0.02833604086304283,178
sub-55879,br,readingTime,frequency,all,3,-0.011818808430850045,0.8748769981846709,178
sub-55879,br,readingTime,old20,all,3,0.20759129222545297,0.00516988134814208,178
sub-55879,br,readingTime,length,all,4,0.05935111367265793,0.4286935313660205,178
sub-55879,br,readingTime,frequency,all,4,-0.05099978443684745,0.49656165876894715,178
sub-55879,br,readingTime,old20,all,4,0.05092083925046339,0.4972292129272581,178
sub-55888,br,readingTime,length,all,2,0.3833294421327219,1.0879999924451982e-07,178
sub-55888,br,readingTime,frequency,all,2,-0.023505829539765186,0.7541211025368953,178
sub-55888,br,readingTime,old20,all,2,0.42189241778221775,3.667056597799266e-09,178
sub-55888,br,readingTime,length,all,3,0.25445898411481166,0.0005667251335591808,178
sub-55888,br,readingTime,frequency,all,3,-0.07956087057586571,0.28838615794535827,178
sub-55888,br,readingTime,old20,all,3,0.20780217995191913,0.005123607658628311,178
sub-55888,br,readingTime,length,all,4,0.2822759457693232,0.00012347905299595313,178
sub-55888,br,readingTime,frequency,all,4,-0.02064146985768156,0.7832898422121461,178
sub-55888,br,readingTime,old20,all,4,0.19489672955145473,0.008746992317291546,178
sub-55891,br,readingTime,length,all,2,0.3108892550116324,2.159776141326494e-05,178
sub-55891,br,readingTime,frequency,all,2,-0.07453096907169958,0.3200499088596724,178
sub-55891,br,readingTime,old20,all,2,0.3035891341222916,3.4293315045531396e-05,178
sub-55891,br,readingTime,length,all,3,0.09923701241593685,0.18503760206311012,178
sub-55891,br,readingTime,frequency,all,3,-0.01979396712324764,0.7919805287015547,178
sub-55891,br,readingTime,old20,all,3,0.2209425596128784,0.00287752407257849,178
sub-55891,br,readingTime,length,all,4,-0.039469107975498914,0.5988537594355104,178
sub-55891,br,readingTime,frequency,all,4,-0.026222538049300546,0.7267729823866255,178
sub-55891,br,readingTime,old20,all,4,-0.045679543787300936,0.5425882338195552,178
sub-55918,br,readingTime,length,all,2,0.2899183813569395,7.890930398541776e-05,178
sub-55918,br,readingTime,frequency,all,2,-0.055601259366903286,0.45848371202689203,178
sub-55918,br,readingTime,old20,all,2,0.33610779512843963,3.971720677881828e-06,178
sub-55918,br,readingTime,length,all,3,0.15544904982801622,0.03718545995289013,178
sub-55918,br,readingTime,frequency,all,3,0.006208616766147334,0.934075915036143,178
sub-55918,br,readingTime,old20,all,3,0.19622118015265028,0.008291638001512834,178
sub-55918,br,readingTime,length,all,4,0.10427370780091293,0.16360989480541574,178
sub-55918,br,readingTime,frequency,all,4,0.08019680743906502,0.2845374174714549,178
sub-55918,br,readingTime,old20,all,4,0.011488662893711398,0.8783448017055246,178
sub-55978,cb,readingTime,length,all,2,0.3257215927871978,8.125258093925422e-06,178
sub-55978,cb,readingTime,frequency,all,2,-0.08965930518098593,0.231330824797155,178
sub-55978,cb,readingTime,old20,all,2,0.3880016841752395,7.38028674416099e-08,178
sub-55978,cb,readingTime,length,all,3,0.3954814379286711,3.914951327623936e-08,178
sub-55978,cb,readingTime,frequency,all,3,-0.026029188331720233,0.7287084619259263,178
sub-55978,cb,readingTime,old20,all,3,0.28503371768005753,0.000105211285343441,178
sub-55978,cb,readingTime,length,all,4,0.14211429530055958,0.05703394637584176,178
sub-55978,cb,readingTime,frequency,all,4,-0.028326356717256123,0.7058272566151081,178
sub-55978,cb,readingTime,old20,all,4,0.13010342907196693,0.08172448581469796,178
sub-55987,cb,readingTime,length,all,2,0.3799905969012515,1.4304810316705576e-07,178
sub-55987,cb,readingTime,frequency,all,2,-0.10390136839615224,0.16512750080485783,178
sub-55987,cb,readingTime,old20,all,2,0.28371326062657426,0.00011361735809918207,178
sub-55987,cb,readingTime,length,all,3,0.27808168662459054,0.00015702330791368948,178
sub-55987,cb,readingTime,frequency,all,3,-0.05873059835165464,0.4335446123320945,178
sub-55987,cb,readingTime,old20,all,3,0.3565794647191703,8.961980143263229e-07,178
sub-55987,cb,readingTime,length,all,4,-0.05454658574607804,0.4670651523708261,178
sub-55987,cb,readingTime,frequency,all,4,-0.05097137287602614,0.4968018500583051,178
sub-55987,cb,readingTime,old20,all,4,0.017826770538534126,0.8122504124080027,178
