subject,script,column1,column2,stimuli,repetition,correlation,p_value,degrees_of_freedom
sub-00004,cb,readingTime,frequency,all,1,0.18944126818820697,0.35398418279791755,24
sub-00004,cb,checkingTime,frequency,all,1,0.2248281168695711,0.2694918118461297,24
sub-00004,cb,readingTime,frequency,all,2,-0.03841181621484817,0.8522108943533577,24
sub-00004,cb,checkingTime,frequency,all,2,-0.06771832949901514,0.7423880759500988,24
sub-00004,cb,readingTime,frequency,all,3,-0.39992191386384934,0.04294039939443084,24
sub-00004,cb,checkingTime,frequency,all,3,0.1390371745828928,0.4981598629140753,24
sub-00004,cb,readingTime,frequency,all,4,-0.15124496905953488,0.460799279350812,24
sub-00004,cb,checkingTime,frequency,all,4,0.34242963483243277,0.08682448411895452,24
sub-00004,cb,readingTime,frequency,all,5,0.06983762756948575,0.7346066070905515,24
sub-00004,cb,checkingTime,frequency,all,5,0.010247410552080328,0.9603749314992688,24
sub-00004,cb,readingTime,frequency,all,6,-0.05894852909724036,0.7748432470302855,24
sub-00004,cb,checkingTime,frequency,all,6,-0.13497289427275347,0.5109236558943622,24
sub-00004,cb,readingTime,frequency,all,7,-0.47762075429144757,0.013602779689188153,24
sub-00004,cb,checkingTime,frequency,all,7,-0.0013281256067338132,0.9948624101640862,24
sub-00008,br,readingTime,frequency,all,1,-0.012440711524277935,0.9519025676806945,24
sub-00008,br,checkingTime,frequency,all,1,-0.03550431177089779,0.8632901481934756,24
sub-00008,br,readingTime,frequency,all,2,0.012906186623826308,0.9501051372458059,24
sub-00008,br,checkingTime,frequency,all,2,-0.09174519489989258,0.6557812845257645,24
sub-00008,br,readingTime,frequency,all,3,0.2799771282624326,0.16596492526480083,24
sub-00008,br,checkingTime,frequency,all,3,-0.2775548513332168,0.16981340002337497,24
sub-00008,br,readingTime,frequency,all,4,-0.24606341784127775,0.22562194776182584,24
sub-00008,br,checkingTime,frequency,all,4,-0.13652202364115146,0.5060398657329712,24
sub-00008,br,readingTime,frequency,all,5,0.3261540033431898,0.10392947099003827,24
sub-00008,br,checkingTime,frequency,all,5,0.12659460181808674,0.5377302366698753,24
sub-00008,br,readingTime,frequency,all,6,0.18521254886636865,0.3650269528964009,24
sub-00008,br,checkingTime,frequency,all,6,-0.11504561243586521,0.5757298708845803,24
sub-00008,br,readingTime,frequency,all,7,0.14563884360173546,0.4777713686806677,24
sub-00008,br,checkingTime,frequency,all,7,-0.16975724755809005,0.40706647169045695,24
sub-00014,cb,readingTime,frequency,all,1,0.25666338313163567,0.20562131534387867,24
sub-00014,cb,checkingTime,frequency,all,1,0.10765124366454563,0.6006647329758275,24
sub-00014,cb,readingTime,frequency,all,2,0.1330618529674813,0.5169799922017142,24
sub-00014,cb,checkingTime,frequency,all,2,0.08780015426605653,0.6697421695819963,24
sub-00014,cb,readingTime,frequency,all,3,0.1157178567578285,0.5734858658148169,24
sub-00014,cb,checkingTime,frequency,all,3,0.6483269029227531,0.0003411781481463295,24
sub-00014,cb,readingTime,frequency,all,4,0.0008122071664177006,0.9968581253484282,24
sub-00014,cb,checkingTime,frequency,all,4,0.11130942483937538,0.5882716724468314,24
sub-00014,cb,readingTime,frequency,all,5,-0.03869551643244052,0.8511312601735725,24
sub-00014,cb,checkingTime,frequency,all,5,-0.08310869017070932,0.6864842863750191,24
sub-00014,cb,readingTime,frequency,all,6,0.6192056928351534,0.0007440159144240953,24
sub-00014,cb,checkingTime,frequency,all,6,-0.016278740479972385,0.9370896599763918,24
sub-00014,cb,readingTime,frequency,all,7,-0.20656367531468897,0.3113258635224418,24
sub-00014,cb,checkingTime,frequency,all,7,-0.1139847455854665,0.5792790002346002,24
sub-00015,cb,readingTime,frequency,all,1,0.2316132554358382,0.2549188214520179,24
sub-00015,cb,checkingTime,frequency,all,1,-0.24875961686057077,0.22041580033742467,24
sub-00015,cb,readingTime,frequency,all,2,0.33348020699943726,0.09594448024562469,24
sub-00015,cb,checkingTime,frequency,all,2,-0.09370254783434535,0.6488957125560884,24
sub-00015,cb,readingTime,frequency,all,3,-0.22179729734336778,0.27617069600526734,24
sub-00015,cb,checkingTime,frequency,all,3,-0.17940212919829748,0.3805240938596716,24
sub-00015,cb,readingTime,frequency,all,4,0.4275194535517317,0.029367066464336664,24
sub-00015,cb,checkingTime,frequency,all,4,0.27077192810682527,0.18092192226537715,24
sub-00015,cb,readingTime,frequency,all,5,0.3372207686050868,0.09204921455944932,24
sub-00015,cb,checkingTime,frequency,all,5,0.6666715925052242,0.00020003968081659215,24
sub-00015,cb,readingTime,frequency,all,6,0.17337384839977335,0.39699498148297535,24
sub-00015,cb,checkingTime,frequency,all,6,0.5414428677322319,0.004281951053290951,24
sub-00015,cb,readingTime,frequency,all,7,0.15388527162279014,0.4529167575012684,24
sub-00015,cb,checkingTime,frequency,all,7,0.030528413235310678,0.8823085727119568,24
sub-00017,cb,readingTime,frequency,all,1,-0.520057590075567,0.006463483616927235,24
sub-00017,cb,checkingTime,frequency,all,1,-0.07009430908699181,0.7336658564599057,24
sub-00017,cb,readingTime,frequency,all,2,0.151077516805301,0.4613016092658342,24
sub-00017,cb,checkingTime,frequency,all,2,0.11985698399391896,0.5597554402763316,24
sub-00017,cb,readingTime,frequency,all,3,0.056116081163391326,0.7854076097484057,24
sub-00017,cb,checkingTime,frequency,all,3,-0.19763839169110278,0.3331490323662496,24
sub-00017,cb,readingTime,frequency,all,4,0.23000499841286773,0.2583256620658645,24
sub-00017,cb,checkingTime,frequency,all,4,-0.13709830248570332,0.5042289734992649,24
sub-00017,cb,readingTime,frequency,all,5,0.010507173859730495,0.9593712720294272,24
sub-00017,cb,checkingTime,frequency,all,5,0.385835502882683,0.05156317984359142,24
sub-00017,cb,readingTime,frequency,all,6,0.10091119380898171,0.6237820252406658,24
sub-00017,cb,checkingTime,frequency,all,6,0.05357432581781053,0.7949194124902415,24
sub-00017,cb,readingTime,frequency,all,7,0.11991856055203316,0.5595523090782408,24
sub-00017,cb,checkingTime,frequency,all,7,-0.007902456082363356,0.9694377206047067,24
sub-00018,cb,readingTime,frequency,all,1,-0.09326605932446366,0.6504287845117034,24
sub-00018,cb,checkingTime,frequency,all,1,-0.3543606188751933,0.07570385122049117,24
sub-00018,cb,readingTime,frequency,all,2,0.03210790751919596,0.8762641862223155,24
sub-00018,cb,checkingTime,frequency,all,2,0.4166069842362353,0.03424718148422254,24
sub-00018,cb,readingTime,frequency,all,3,0.05109583243422326,0.804222046015062,24
sub-00018,cb,checkingTime,frequency,all,3,0.06338897654991558,0.7583603169842152,24
sub-00018,cb,readingTime,frequency,all,4,0.05296928347603012,0.7971878780401715,24
sub-00018,cb,checkingTime,frequency,all,4,-0.17733895344959366,0.38611645719524146,24
sub-00018,cb,readingTime,frequency,all,5,0.19599195570338881,0.3372731982141571,24
sub-00018,cb,checkingTime,frequency,all,5,-0.23315210333900127,0.2516865130381444,24
sub-00018,cb,readingTime,frequency,all,6,0.08590445321085818,0.6764892961293862,24
sub-00018,cb,checkingTime,frequency,all,6,-0.1561251679926395,0.44628593077807177,24
sub-00018,cb,readingTime,frequency,all,7,0.14729868392537235,0.4727132749213475,24
sub-00018,cb,checkingTime,frequency,all,7,-0.30955216922711715,0.12383737106505224,24
sub-00019,br,readingTime,frequency,all,1,0.060542527393980805,0.7689149903285354,24
sub-00019,br,checkingTime,frequency,all,1,-0.09542513530188705,0.6428591231333722,24
sub-00019,br,readingTime,frequency,all,2,-0.03223304763681266,0.8757855859669432,24
sub-00019,br,checkingTime,frequency,all,2,-0.17655448415602892,0.3882550654120106,24
sub-00019,br,readingTime,frequency,all,3,0.327486431544328,0.10244167768858044,24
sub-00019,br,checkingTime,frequency,all,3,-0.1416742926523318,0.48996387501676875,24
sub-00019,br,readingTime,frequency,all,4,0.13770947733784944,0.5023119266751723,24
sub-00019,br,checkingTime,frequency,all,4,0.024251077796597756,0.9063908603888591,24
sub-00019,br,readingTime,frequency,all,5,-0.10051963001185962,0.6251360286174499,24
sub-00019,br,checkingTime,frequency,all,5,-0.10519860134954545,0.6090349825472698,24
sub-00019,br,readingTime,frequency,all,6,-0.2641717927743543,0.192206233582703,24
sub-00019,br,checkingTime,frequency,all,6,-0.38393736869737966,0.05282186842560567,24
sub-00019,br,readingTime,frequency,all,7,0.2211916038513549,0.2775179867314014,24
sub-00019,br,checkingTime,frequency,all,7,-0.14947708568676119,0.4661170603904025,24
sub-00020,br,readingTime,frequency,all,1,0.014178626332155718,0.9451928534607337,24
sub-00020,br,checkingTime,frequency,all,1,-0.12205638376750147,0.5525208145854945,24
sub-00020,br,readingTime,frequency,all,2,-0.15619159840538038,0.4460900683932116,24
sub-00020,br,checkingTime,frequency,all,2,-0.0602500506045707,0.7700018077989377,24
sub-00020,br,readingTime,frequency,all,3,-0.262111375529689,0.1958259624405724,24
sub-00020,br,checkingTime,frequency,all,3,0.0905083289734817,0.6601465329162003,24
sub-00020,br,readingTime,frequency,all,4,0.15590939905521445,0.44692241652643594,24
sub-00020,br,checkingTime,frequency,all,4,-0.21007216430450365,0.3029949030824494,24
sub-00020,br,readingTime,frequency,all,5,-0.11294020508416645,0.582782869051738,24
sub-00020,br,checkingTime,frequency,all,5,0.042685990162505086,0.8359738502740666,24
sub-00020,br,readingTime,frequency,all,6,0.2084427042643099,0.3068466649419205,24
sub-00020,br,checkingTime,frequency,all,6,-0.07617974136499972,0.7114747408549551,24
sub-00020,br,readingTime,frequency,all,7,0.23583228413427357,0.24612099795581643,24
sub-00020,br,checkingTime,frequency,all,7,-0.224362573481181,0.2705109060831018,24
sub-00024,cb,readingTime,frequency,all,1,-0.09678884724236145,0.6380957472975862,24
sub-00024,cb,checkingTime,frequency,all,1,0.3478123574823963,0.0816639576771985,24
sub-00024,cb,readingTime,frequency,all,2,0.004231230105122035,0.9836332961932464,24
sub-00024,cb,checkingTime,frequency,all,2,-0.008051221357754814,0.9688626506679681,24
sub-00024,cb,readingTime,frequency,all,3,-0.17354751349805655,0.396514929471355,24
sub-00024,cb,checkingTime,frequency,all,3,-0.12441531640384687,0.5448095037418799,24
sub-00024,cb,readingTime,frequency,all,4,-0.08074222697333186,0.6949848756376131,24
sub-00024,cb,checkingTime,frequency,all,4,-0.07151915303054703,0.7284505686333579,24
sub-00024,cb,readingTime,frequency,all,5,-0.2659430881343336,0.18913144803967263,24
sub-00024,cb,checkingTime,frequency,all,5,-0.16250771584983448,0.42767837914350787,24
sub-00024,cb,readingTime,frequency,all,6,0.0710188994896781,0.7302802961856151,24
sub-00024,cb,checkingTime,frequency,all,6,-0.11600596539310791,0.5725253258618964,24
sub-00024,cb,readingTime,frequency,all,7,0.23361141341062316,0.25072695236616876,24
sub-00024,cb,checkingTime,frequency,all,7,0.00950272031802436,0.9632525461871855,24
sub-00025,cb,readingTime,frequency,all,1,-0.02329006026467569,0.9100853456702821,24
sub-00025,cb,checkingTime,frequency,all,1,-0.027400187997366723,0.8942982588634865,24
sub-00025,cb,readingTime,frequency,all,2,-0.09441021194893004,0.6464131528096937,24
sub-00025,cb,checkingTime,frequency,all,2,-0.055584946927816785,0.7873928014079126,24
sub-00025,cb,readingTime,frequency,all,3,0.029797745734953782,0.8851068729185735,24
sub-00025,cb,checkingTime,frequency,all,3,0.04107342593276445,0.8420924621474855,24
sub-00025,cb,readingTime,frequency,all,4,-0.20564807862661025,0.313522992179707,24
sub-00025,cb,checkingTime,frequency,all,4,-0.05495676084176256,0.7897424076320734,24
sub-00025,cb,readingTime,frequency,all,5,0.07467359749422624,0.7169465702700606,24
sub-00025,cb,checkingTime,frequency,all,5,-0.11862729705044672,0.5638189715155412,24
sub-00025,cb,readingTime,frequency,all,6,-0.1965911749370077,0.33576867103369756,24
sub-00025,cb,checkingTime,frequency,all,6,0.2496917665351388,0.21863480710615807,24
sub-00025,cb,readingTime,frequency,all,7,0.04265963008379566,0.836073795638692,24
sub-00025,cb,checkingTime,frequency,all,7,-0.19331772705743097,0.3440369940866167,24
sub-00026,br,readingTime,frequency,all,1,0.40161479927868743,0.04198600876000388,24
sub-00026,br,checkingTime,frequency,all,1,-0.03444871569285282,0.8673189191531789,24
sub-00026,br,readingTime,frequency,all,2,-0.3132907764729831,0.11912875338813815,24
sub-00026,br,checkingTime,frequency,all,2,-0.24882372213245624,0.2202930080452524,24
sub-00026,br,readingTime,frequency,all,3,0.04022216771043858,0.8453260483140137,24
sub-00026,br,checkingTime,frequency,all,3,-0.07142510282916109,0.7287944565112674,24
sub-00026,br,readingTime,frequency,all,4,0.011189221209373506,0.9567363049486689,24
sub-00026,br,checkingTime,frequency,all,4,-0.19506875693867787,0.3395990990088986,24
sub-00026,br,readingTime,frequency,all,5,0.1764689898013982,0.38848854610853345,24
sub-00026,br,checkingTime,frequency,all,5,-0.026727105106389055,0.89688106097946,24
sub-00026,br,readingTime,frequency,all,6,-0.1864852613777747,0.36168245242564084,24
sub-00026,br,checkingTime,frequency,all,6,-0.17957420615523054,0.380059783252424,24
sub-00026,br,readingTime,frequency,all,7,0.15286265194632817,0.4559612605571729,24
sub-00026,br,checkingTime,frequency,all,7,-0.08972535710643567,0.6629154788230096,24
sub-00029,br,readingTime,frequency,all,1,0.006685733985285331,0.9741416383651333,24
sub-00029,br,checkingTime,frequency,all,1,0.2036923640708027,0.3182479502678231,24
sub-00029,br,readingTime,frequency,all,2,0.1466844389034886,0.47458186354623844,24
sub-00029,br,checkingTime,frequency,all,2,-0.10525899843212566,0.6088282803276309,24
sub-00029,br,readingTime,frequency,all,3,0.1583666030851334,0.4397026854522716,24
sub-00029,br,checkingTime,frequency,all,3,0.5490967821739942,0.003671018336574853,24
sub-00029,br,readingTime,frequency,all,4,0.05531748633068212,0.7883929649203687,24
sub-00029,br,checkingTime,frequency,all,4,0.08444156247659253,0.6817126773736293,24
sub-00029,br,readingTime,frequency,all,5,0.11863079888554615,0.5638073807569072,24
sub-00029,br,checkingTime,frequency,all,5,-0.2311433566427816,0.255911189852832,24
sub-00029,br,readingTime,frequency,all,6,-0.04884384519086184,0.8126971196373225,24
sub-00029,br,checkingTime,frequency,all,6,0.26933659040187474,0.1833358212012055,24
sub-00029,br,readingTime,frequency,all,7,0.18595257292386766,0.3630800853749506,24
sub-00029,br,checkingTime,frequency,all,7,0.4291775464982044,0.02867721200140026,24
sub-00033,br,readingTime,frequency,all,1,-0.008115144808888378,0.9686155515726992,24
sub-00033,br,checkingTime,frequency,all,1,0.0027964020120781973,0.9891829150250393,24
sub-00033,br,readingTime,frequency,all,2,-0.13265211877778849,0.5182830066567681,24
sub-00033,br,checkingTime,frequency,all,2,-0.0845400937427685,0.6813604106980823,24
sub-00033,br,readingTime,frequency,all,3,-0.0953152203676919,0.643243652697967,24
sub-00033,br,checkingTime,frequency,all,3,0.06612614786144498,0.7482504219221073,24
sub-00033,br,readingTime,frequency,all,4,0.22247607171757466,0.27466581447698474,24
sub-00033,br,checkingTime,frequency,all,4,0.27904186379960744,0.1674435136957555,24
sub-00033,br,readingTime,frequency,all,5,0.17593324622647163,0.3899534551645729,24
sub-00033,br,checkingTime,frequency,all,5,-0.2677285390847591,0.18606659917537682,24
sub-00033,br,readingTime,frequency,all,6,-0.06742742327208504,0.7434581474559829,24
sub-00033,br,checkingTime,frequency,all,6,0.261882870551523,0.19623025838133698,24
sub-00033,br,readingTime,frequency,all,7,0.3185093771466702,0.11277750928243055,24
sub-00033,br,checkingTime,frequency,all,7,-0.016374085716761546,0.9367219134878536,24
sub-00035,cb,readingTime,frequency,all,1,0.22285814683633526,0.2738210418043101,24
sub-00035,cb,checkingTime,frequency,all,1,0.3429530320563839,0.08631214715092556,24
sub-00035,cb,readingTime,frequency,all,2,-0.008813170930435623,0.9659174872070947,24
sub-00035,cb,checkingTime,frequency,all,2,-0.20324915782983777,0.3193247597422063,24
sub-00035,cb,readingTime,frequency,all,3,0.2522846995749981,0.2137316490765207,24
sub-00035,cb,checkingTime,frequency,all,3,-0.03890593231897276,0.8503306814169302,24
sub-00035,cb,readingTime,frequency,all,4,-0.06911177287889826,0.7372689150688065,24
sub-00035,cb,checkingTime,frequency,all,4,-0.06537313237618014,0.7510277676284032,24
sub-00035,cb,readingTime,frequency,all,5,0.2906124589202631,0.1497938626059141,24
sub-00035,cb,checkingTime,frequency,all,5,0.2482975888989415,0.2213021637846162,24
sub-00035,cb,readingTime,frequency,all,6,-0.012319948700580575,0.9523689306570406,24
sub-00035,cb,checkingTime,frequency,all,6,-0.1418069234449899,0.48955346912656444,24
sub-00035,cb,readingTime,frequency,all,7,-0.23886386685668437,0.23992381814143718,24
sub-00035,cb,checkingTime,frequency,all,7,-0.2163409795270824,0.2884584639607225,24
sub-00036,cb,readingTime,frequency,all,1,-0.16054911630133853,0.4333429638564513,24
sub-00036,cb,checkingTime,frequency,all,1,-0.06682225254998644,0.7456856961554625,24
sub-00036,cb,readingTime,frequency,all,2,0.0834914691576639,0.6851127517325168,24
sub-00036,cb,checkingTime,frequency,all,2,0.013741209129577641,0.9468813018686115,24
sub-00036,cb,readingTime,frequency,all,3,0.10636356013679456,0.6050532110941369,24
sub-00036,cb,checkingTime,frequency,all,3,0.23476258750050508,0.2483325071547287,24
sub-00036,cb,readingTime,frequency,all,4,-0.2793248426608418,0.16699517029494185,24
sub-00036,cb,checkingTime,frequency,all,4,-0.2010613307600626,0.3246729178324649,24
sub-00036,cb,readingTime,frequency,all,5,-0.19435743300864528,0.34139775178596565,24
sub-00036,cb,checkingTime,frequency,all,5,0.3285925857585782,0.1012186350051329,24
sub-00036,cb,readingTime,frequency,all,6,-0.053484150163287406,0.7952574027120902,24
sub-00036,cb,checkingTime,frequency,all,6,-0.3511321149064271,0.0785994124093637,24
sub-00036,cb,readingTime,frequency,all,7,-0.19377907749513754,0.34286437820501003,24
sub-00036,cb,checkingTime,frequency,all,7,0.17691368715719355,0.38727497491955976,24
sub-00045,br,readingTime,frequency,all,1,-0.01559696729024889,0.939719620181255,24
sub-00045,br,checkingTime,frequency,all,1,0.22746067113363344,0.2637754765382758,24
sub-00045,br,readingTime,frequency,all,2,-0.18834185061277975,0.35683597872013567,24
sub-00045,br,checkingTime,frequency,all,2,-0.22583195760968247,0.26730276176622997,24
sub-00045,br,readingTime,frequency,all,3,-0.16308761470464028,0.4260089973332501,24
sub-00045,br,checkingTime,frequency,all,3,-0.10080579780655911,0.6241463613374568,24
sub-00045,br,readingTime,frequency,all,4,-0.005425297550315811,0.9790154441974753,24
sub-00045,br,checkingTime,frequency,all,4,-0.1075435253890272,0.601031324814498,24
sub-00045,br,readingTime,frequency,all,5,0.1529012475048638,0.455846160127019,24
sub-00045,br,checkingTime,frequency,all,5,-0.1444005687948243,0.48156276771803364,24
sub-00045,br,readingTime,frequency,all,6,0.2311740880837622,0.2558462121833784,24
sub-00045,br,checkingTime,frequency,all,6,-0.1921707982630206,0.34696251132431133,24
sub-00045,br,readingTime,frequency,all,7,-0.024322750581388303,0.9061154003155947,24
sub-00045,br,checkingTime,frequency,all,7,-0.1533475391160881,0.4545163324040614,24
sub-00046,br,readingTime,frequency,all,1,-0.15686491229703636,0.44410746785174593,24
sub-00046,br,checkingTime,frequency,all,1,0.20436303251704135,0.3166227394555161,24
sub-00046,br,readingTime,frequency,all,2,0.3591032306237913,0.07159891144391828,24
sub-00046,br,checkingTime,frequency,all,2,-0.15304916926228673,0.4554051666742383,24
sub-00046,br,readingTime,frequency,all,3,0.14884466489940545,0.4680270906825693,24
sub-00046,br,checkingTime,frequency,all,3,0.01543648811656824,0.9403387638099749,24
sub-00046,br,readingTime,frequency,all,4,-0.13359910258555796,0.5152738699646939,24
sub-00046,br,checkingTime,frequency,all,4,-0.044863985009910366,0.8277245910422977,24
sub-00046,br,readingTime,frequency,all,5,-0.09646553727241713,0.6392237974769491,24
sub-00046,br,checkingTime,frequency,all,5,-0.21060496276049373,0.30174201626028485,24
sub-00046,br,readingTime,frequency,all,6,0.0017030025823155952,0.9934123005686716,24
sub-00046,br,checkingTime,frequency,all,6,-0.2024105620825195,0.3213682998294197,24
sub-00046,br,readingTime,frequency,all,7,0.2623415120537886,0.19541935754744033,24
sub-00046,br,checkingTime,frequency,all,7,-0.13968810004244747,0.4961305075206272,24
sub-00047,cb,readingTime,frequency,all,1,-0.35872749472694754,0.0719177651449953,24
sub-00047,cb,checkingTime,frequency,all,1,0.5747024448559268,0.002134696774826735,24
sub-00047,cb,readingTime,frequency,all,2,-0.1212881749780818,0.5550428462528827,24
sub-00047,cb,checkingTime,frequency,all,2,-0.09953116412058241,0.6285593453971687,24
sub-00047,cb,readingTime,frequency,all,3,0.027389607879682448,0.8943388496078463,24
sub-00047,cb,checkingTime,frequency,all,3,-0.08522983878640353,0.6788962745168012,24
sub-00047,cb,readingTime,frequency,all,4,0.032055064659435986,0.8764662972586316,24
sub-00047,cb,checkingTime,frequency,all,4,-0.2554087992262042,0.20792337682721795,24
sub-00047,cb,readingTime,frequency,all,5,0.6417294561983279,0.0004099374482952606,24
sub-00047,cb,checkingTime,frequency,all,5,-0.12758269271981923,0.5345348007630764,24
sub-00047,cb,readingTime,frequency,all,6,0.014507810408122561,0.9439223409362649,24
sub-00047,cb,checkingTime,frequency,all,6,-0.23333823473878024,0.2512973710301346,24
sub-00047,cb,readingTime,frequency,all,7,-0.03495343682356003,0.8653921999460563,24
sub-00047,cb,checkingTime,frequency,all,7,-0.21378190098038413,0.2943384941250565,24
sub-00048,cb,readingTime,frequency,all,1,-0.154814580803023,0.45015940041862923,24
sub-00048,cb,checkingTime,frequency,all,1,-0.006061981287487844,0.9765534383364094,24
sub-00048,cb,readingTime,frequency,all,2,-0.1762311729665618,0.3891384324177634,24
sub-00048,cb,checkingTime,frequency,all,2,-0.24834695140686786,0.22120735191174223,24
sub-00048,cb,readingTime,frequency,all,3,-0.09757672613103216,0.6353500710344431,24
sub-00048,cb,checkingTime,frequency,all,3,-0.21302079811572877,0.2961016910097876,24
sub-00048,cb,readingTime,frequency,all,4,-0.034596320340745064,0.8667553772908967,24
sub-00048,cb,checkingTime,frequency,all,4,-0.08580314049325809,0.6768505763652448,24
sub-00048,cb,readingTime,frequency,all,5,-0.22937421238900543,0.2596699089288515,24
sub-00048,cb,checkingTime,frequency,all,5,-0.060963935778521286,0.7673498221936739,24
sub-00048,cb,readingTime,frequency,all,6,0.3813757993808346,0.0545584262679609,24
sub-00048,cb,checkingTime,frequency,all,6,0.21940366794742794,0.2815194228745744,24
sub-00048,cb,readingTime,frequency,all,7,-0.09293799445871112,0.6515819541874913,24
sub-00048,cb,checkingTime,frequency,all,7,0.04788182267308393,0.8163238986679275,24
sub-00049,cb,readingTime,frequency,all,1,-0.08475620071815287,0.680588017861782,24
sub-00049,cb,checkingTime,frequency,all,1,-0.06966445003595598,0.7352415221725175,24
sub-00049,cb,readingTime,frequency,all,2,0.24286406080080503,0.23190542612239368,24
sub-00049,cb,checkingTime,frequency,all,2,0.10632256886964248,0.605193131661494,24
sub-00049,cb,readingTime,frequency,all,3,0.19794972178852113,0.33237261988663824,24
sub-00049,cb,checkingTime,frequency,all,3,-0.15077094223153686,0.46222202533119294,24
sub-00049,cb,readingTime,frequency,all,4,0.21688003915578574,0.2872293780333546,24
sub-00049,cb,checkingTime,frequency,all,4,0.15555243038883695,0.4479764804494106,24
sub-00049,cb,readingTime,frequency,all,5,-0.10776076372640772,0.6002921062078583,24
sub-00049,cb,checkingTime,frequency,all,5,0.18783856921411438,0.3581459539652144,24
sub-00049,cb,readingTime,frequency,all,6,-0.21563824369160026,0.29006571489054545,24
sub-00049,cb,checkingTime,frequency,all,6,-0.2856174745824569,0.15724247496893207,24
sub-00049,cb,readingTime,frequency,all,7,0.38125614593608537,0.05464061828233105,24
sub-00049,cb,checkingTime,frequency,all,7,-0.12978794293643622,0.5274356460242635,24
sub-00050,br,readingTime,frequency,all,1,-0.09930030615511384,0.6293599484985473,24
sub-00050,br,checkingTime,frequency,all,1,-0.2657304717875463,0.18949872477700536,24
sub-00050,br,readingTime,frequency,all,2,0.11318704556222493,0.5819540180395104,24
sub-00050,br,checkingTime,frequency,all,2,-0.35933404514510736,0.07140357765265005,24
sub-00050,br,readingTime,frequency,all,3,0.23784274105623399,0.2419996006780081,24
sub-00050,br,checkingTime,frequency,all,3,-0.22378595491208106,0.27177657140831557,24
sub-00050,br,readingTime,frequency,all,4,-0.09580564408499592,0.6415286322959044,24
sub-00050,br,checkingTime,frequency,all,4,0.1963538027344341,0.33636418381728506,24
sub-00050,br,readingTime,frequency,all,5,-0.07719202079538309,0.7078049055047411,24
sub-00050,br,checkingTime,frequency,all,5,-0.20361335290186525,0.31843975177789086,24
sub-00050,br,readingTime,frequency,all,6,-0.2675941620371926,0.18629606363679832,24
sub-00050,br,checkingTime,frequency,all,6,0.04859592553167139,0.8136314084880888,24
sub-00050,br,readingTime,frequency,all,7,0.07838820462972332,0.7034765375224687,24
sub-00050,br,checkingTime,frequency,all,7,-0.2819720188817216,0.1628418982610355,24
sub-00051,cb,readingTime,frequency,all,1,-0.3237957900664607,0.1066019410781671,24
sub-00051,cb,checkingTime,frequency,all,1,-0.006690708050069801,0.9741224065257401,24
sub-00051,cb,readingTime,frequency,all,2,-0.5238951165212947,0.006014679424998809,24
sub-00051,cb,checkingTime,frequency,all,2,-0.03813219279256446,0.8532752677981401,24
sub-00051,cb,readingTime,frequency,all,3,0.12491755354762164,0.5431741853427171,24
sub-00051,cb,checkingTime,frequency,all,3,-0.06222110233975342,0.7626858307689155,24
sub-00051,cb,readingTime,frequency,all,4,0.1382354538037482,0.5006650118306857,24
sub-00051,cb,checkingTime,frequency,all,4,-0.17951082908358273,0.3802307539707751,24
sub-00051,cb,readingTime,frequency,all,5,0.1724829353046919,0.39946283303140573,24
sub-00051,cb,checkingTime,frequency,all,5,-0.21513234545436388,0.29122625693939586,24
sub-00051,cb,readingTime,frequency,all,6,0.1686609955802662,0.41014722081981536,24
sub-00051,cb,checkingTime,frequency,all,6,-0.3049689082419147,0.12979345166540843,24
sub-00051,cb,readingTime,frequency,all,7,-0.2972725875854741,0.14025869357366388,24
sub-00051,cb,checkingTime,frequency,all,7,-0.011276049180864656,0.9564008919051192,24
sub-00053,cb,readingTime,frequency,all,1,-0.1430839659879994,0.4856107342073506,24
sub-00053,cb,checkingTime,frequency,all,1,-0.03363408079596393,0.87043025350823,24
sub-00053,cb,readingTime,frequency,all,2,-0.19816086615035128,0.3318466792424163,24
sub-00053,cb,checkingTime,frequency,all,2,-0.035890224250361535,0.8618181056597192,24
sub-00053,cb,readingTime,frequency,all,3,-0.06872895133440238,0.7386742290802935,24
sub-00053,cb,checkingTime,frequency,all,3,0.33239902451232967,0.09709304304557098,24
sub-00053,cb,readingTime,frequency,all,4,0.061895002508792804,0.7638948688795417,24
sub-00053,cb,checkingTime,frequency,all,4,0.18611709766241077,0.3626480789606408,24
sub-00053,cb,readingTime,frequency,all,5,0.11474928849910455,0.5767202545098166,24
sub-00053,cb,checkingTime,frequency,all,5,0.2987920026693394,0.138146034545845,24
sub-00053,cb,readingTime,frequency,all,6,0.2491364945417296,0.21969455770932456,24
sub-00053,cb,checkingTime,frequency,all,6,-0.3205463446564817,0.1103674508348128,24
sub-00053,cb,readingTime,frequency,all,7,0.03944638418460109,0.8482750635069561,24
sub-00053,cb,checkingTime,frequency,all,7,0.3063624032636975,0.12796098398568642,24
sub-00054,cb,readingTime,frequency,all,1,-0.311365517927344,0.12153685419399385,24
sub-00054,cb,checkingTime,frequency,all,1,-0.04396356972777085,0.8311328518769119,24
sub-00054,cb,readingTime,frequency,all,2,-0.14223505142811899,0.4882298747735102,24
sub-00054,cb,checkingTime,frequency,all,2,0.14537818656404278,0.4785681867976467,24
sub-00054,cb,readingTime,frequency,all,3,0.36668098422184037,0.06539684849380215,24
sub-00054,cb,checkingTime,frequency,all,3,-0.19637077815616152,0.3363215752520555,24
sub-00054,cb,readingTime,frequency,all,4,0.1538140238182569,0.4531285248251019,24
sub-00054,cb,checkingTime,frequency,all,4,-0.2539631307675028,0.21059767527563328,24
sub-00054,cb,readingTime,frequency,all,5,0.09966615729275946,0.628091385577934,24
sub-00054,cb,checkingTime,frequency,all,5,-0.14301476276144198,0.48582397885498263,24
sub-00054,cb,readingTime,frequency,all,6,-0.2525726923705436,0.21319168274995337,24
sub-00054,cb,checkingTime,frequency,all,6,-0.21964514467107002,0.280976864569179,24
sub-00054,cb,readingTime,frequency,all,7,-0.21635859568883495,0.28841824577186326,24
sub-00054,cb,checkingTime,frequency,all,7,-0.14147127666750245,0.49059241258569786,24
sub-00055,cb,readingTime,frequency,all,1,0.04887522890480312,0.8125788674168997,24
sub-00055,cb,checkingTime,frequency,all,1,0.16474714604116883,0.4212513430747535,24
sub-00055,cb,readingTime,frequency,all,2,-0.09559914466072626,0.6422505468987239,24
sub-00055,cb,checkingTime,frequency,all,2,-0.05161350231768851,0.8022768641091556,24
sub-00055,cb,readingTime,frequency,all,3,-0.2176379525216398,0.2855068967642804,24
sub-00055,cb,checkingTime,frequency,all,3,-0.09286279576171225,0.6518463926171858,24
sub-00055,cb,readingTime,frequency,all,4,0.2524480427599649,0.2134252788282655,24
sub-00055,cb,checkingTime,frequency,all,4,0.2049048986651427,0.31531338060442426,24
sub-00055,cb,readingTime,frequency,all,5,0.08096677906439423,0.6941766982869516,24
sub-00055,cb,checkingTime,frequency,all,5,-0.2818624594200937,0.16301233073794408,24
sub-00055,cb,readingTime,frequency,all,6,-0.10253128158947734,0.6181925352216837,24
sub-00055,cb,checkingTime,frequency,all,6,-0.24244967388200933,0.23272769190632195,24
sub-00055,cb,readingTime,frequency,all,7,-0.08076711553223097,0.6948952841143259,24
sub-00055,cb,checkingTime,frequency,all,7,-0.07752012871879622,0.7066167669900569,24
sub-00056,cb,readingTime,frequency,all,1,0.23098495863185178,0.25624627218271173,24
sub-00056,cb,checkingTime,frequency,all,1,-0.23624210223171113,0.245277166838791,24
sub-00056,cb,readingTime,frequency,all,2,-0.18675800499519307,0.36096806904051754,24
sub-00056,cb,checkingTime,frequency,all,2,-0.15444962696422623,0.4512411934303494,24
sub-00056,cb,readingTime,frequency,all,3,-0.20315185775562167,0.3195614573483718,24
sub-00056,cb,checkingTime,frequency,all,3,-0.23216789467891358,0.25375071830855217,24
sub-00056,cb,readingTime,frequency,all,4,0.07577061646405495,0.7129597315592009,24
sub-00056,cb,checkingTime,frequency,all,4,-0.09221399301198001,0.6541296258130211,24
sub-00056,cb,readingTime,frequency,all,5,-0.1446426242397191,0.48082043022600973,24
sub-00056,cb,checkingTime,frequency,all,5,-0.3491849911712541,0.08038603860510196,24
sub-00056,cb,readingTime,frequency,all,6,0.04113076262293554,0.8418747521874816,24
sub-00056,cb,checkingTime,frequency,all,6,-0.24879785840157365,0.22034254394772929,24
sub-00056,cb,readingTime,frequency,all,7,0.13376871397258505,0.5147358107339622,24
sub-00056,cb,checkingTime,frequency,all,7,0.252721112912027,0.21291376474275142,24
sub-00058,br,readingTime,frequency,all,1,-0.05207817797989943,0.8005317876243727,24
sub-00058,br,checkingTime,frequency,all,1,-0.08678350660266067,0.6733575324573524,24
sub-00058,br,readingTime,frequency,all,2,0.09279570967042541,0.6520823374198574,24
sub-00058,br,checkingTime,frequency,all,2,-0.15402563583323406,0.4524997109942181,24
sub-00058,br,readingTime,frequency,all,3,-0.2596602385108688,0.2001926502004634,24
sub-00058,br,checkingTime,frequency,all,3,0.04082576038429886,0.8430329888561252,24
sub-00058,br,readingTime,frequency,all,4,-0.22861288580138375,0.26129837185666177,24
sub-00058,br,checkingTime,frequency,all,4,-0.08152875750903121,0.6921555295212357,24
sub-00058,br,readingTime,frequency,all,5,0.14884110440065168,0.46803785553366695,24
sub-00058,br,checkingTime,frequency,all,5,-0.07820664011378353,0.7041329504299078,24
sub-00058,br,readingTime,frequency,all,6,0.11885059586938704,0.5630800876538322,24
sub-00058,br,checkingTime,frequency,all,6,-0.09399585536831367,0.6478663140697324,24
sub-00058,br,readingTime,frequency,all,7,-0.22219163409888873,0.2752957897371291,24
sub-00058,br,checkingTime,frequency,all,7,-0.25407542054380894,0.21038912378278196,24
sub-00059,br,readingTime,frequency,all,1,-0.35841121169849005,0.07218700898856333,24
sub-00059,br,checkingTime,frequency,all,1,-0.1413486085286299,0.4909723896903851,24
sub-00059,br,readingTime,frequency,all,2,0.046556491353031464,0.8213263563266631,24
sub-00059,br,checkingTime,frequency,all,2,0.23629211856021784,0.24517431151017918,24
sub-00059,br,readingTime,frequency,all,3,-0.09542797249705964,0.6428491985932809,24
sub-00059,br,checkingTime,frequency,all,3,0.06300770051913217,0.7597716967778558,24
sub-00059,br,readingTime,frequency,all,4,-0.13531248085429814,0.5098511055836388,24
sub-00059,br,checkingTime,frequency,all,4,0.09011767189041074,0.6615275329999855,24
sub-00059,br,readingTime,frequency,all,5,-0.11613171806236856,0.5721062969508571,24
sub-00059,br,checkingTime,frequency,all,5,-0.06068112761280464,0.768400112622508,24
sub-00059,br,readingTime,frequency,all,6,0.13972143746541177,0.4960266844656907,24
sub-00059,br,checkingTime,frequency,all,6,-0.21690356966694085,0.28717580261914283,24
sub-00059,br,readingTime,frequency,all,7,-0.006734569010265065,0.9739528221031638,24
sub-00059,br,checkingTime,frequency,all,7,-0.26703255646115365,0.18725718829085378,24
sub-00060,br,readingTime,frequency,all,1,-0.056509625895298655,0.7839375202359773,24
sub-00060,br,checkingTime,frequency,all,1,-0.15444916045801788,0.45124257712439997,24
sub-00060,br,readingTime,frequency,all,2,0.07354457309143252,0.7210572751830973,24
sub-00060,br,checkingTime,frequency,all,2,-0.30648291691157836,0.1278033956997722,24
sub-00060,br,readingTime,frequency,all,3,-0.13677682772581617,0.5052387774731675,24
sub-00060,br,checkingTime,frequency,all,3,-0.2424007784430699,0.23282484236566658,24
sub-00060,br,readingTime,frequency,all,4,-0.10432141114932547,0.6120403545125517,24
sub-00060,br,checkingTime,frequency,all,4,0.1962524624007771,0.33661861719749486,24
sub-00060,br,readingTime,frequency,all,5,0.16010502459449524,0.434632970819818,24
sub-00060,br,checkingTime,frequency,all,5,-0.1684282185794638,0.4108030487325519,24
sub-00060,br,readingTime,frequency,all,6,0.18591457053078278,0.3631799142840969,24
sub-00060,br,checkingTime,frequency,all,6,-0.24590052336340856,0.22593909273139903,24
sub-00060,br,readingTime,frequency,all,7,0.2225503011122186,0.274501562186886,24
sub-00060,br,checkingTime,frequency,all,7,-0.09067241656992661,0.6595667944597456,24
sub-00062,br,readingTime,frequency,all,1,0.19839288246589953,0.33126932935244113,24
sub-00062,br,checkingTime,frequency,all,1,-0.41151699427490224,0.03673489523718576,24
sub-00062,br,readingTime,frequency,all,2,0.19799160869793675,0.33226824351161727,24
sub-00062,br,checkingTime,frequency,all,2,-0.0884562594468969,0.6674127444186271,24
sub-00062,br,readingTime,frequency,all,3,0.392721604096984,0.04719287995251106,24
sub-00062,br,checkingTime,frequency,all,3,-0.11235877019826251,0.5847372688796936,24
sub-00062,br,readingTime,frequency,all,4,0.19463204090970146,0.34070270352353427,24
sub-00062,br,checkingTime,frequency,all,4,-0.012046324973631154,0.9534256695198737,24
sub-00062,br,readingTime,frequency,all,5,0.1676436071620167,0.4130179080131296,24
sub-00062,br,checkingTime,frequency,all,5,-0.03913882130830178,0.8494447666165532,24
sub-00062,br,readingTime,frequency,all,6,0.033340529821925986,0.8715518751478448,24
sub-00062,br,checkingTime,frequency,all,6,-0.015569590421677942,0.9398252402922698,24
sub-00062,br,readingTime,frequency,all,7,0.491423800138714,0.010785891831353237,24
sub-00062,br,checkingTime,frequency,all,7,0.05391034264474633,0.7936602948711511,24
sub-00063,br,readingTime,frequency,all,1,-0.011252205240792467,0.9564929993917922,24
sub-00063,br,checkingTime,frequency,all,1,0.0721992893076584,0.7259652247252351,24
sub-00063,br,readingTime,frequency,all,2,-0.1635828103700719,0.4245862758384068,24
sub-00063,br,checkingTime,frequency,all,2,0.07436826827216161,0.7180575028731244,24
sub-00063,br,readingTime,frequency,all,3,-8.44059881518989e-05,0.9996734901142108,24
sub-00063,br,checkingTime,frequency,all,3,-0.194663199560469,0.34062389282328265,24
sub-00063,br,readingTime,frequency,all,4,-0.3761765131308584,0.058219909337368585,24
sub-00063,br,checkingTime,frequency,all,4,0.11615425094081612,0.5720312280457583,24
sub-00063,br,readingTime,frequency,all,5,0.14239830492840772,0.4877256387224574,24
sub-00063,br,checkingTime,frequency,all,5,0.12608731881374366,0.5393742438503323,24
sub-00063,br,readingTime,frequency,all,6,-0.0909429681891431,0.658611325481725,24
sub-00063,br,checkingTime,frequency,all,6,-0.041004819339185324,0.8423529792787032,24
sub-00063,br,readingTime,frequency,all,7,-0.009027147595743103,0.9650904798974189,24
sub-00063,br,checkingTime,frequency,all,7,-0.28128429110745723,0.16391382366740248,24
sub-00065,br,readingTime,frequency,all,1,0.07233407651694115,0.7254730068494535,24
sub-00065,br,checkingTime,frequency,all,1,-0.22285706902806213,0.2738234225115156,24
sub-00065,br,readingTime,frequency,all,2,-0.037197877982323095,0.8568334969791432,24
sub-00065,br,checkingTime,frequency,all,2,-0.05266505044917566,0.7983291363358118,24
sub-00065,br,readingTime,frequency,all,3,0.21365813243104287,0.2946247711293801,24
sub-00065,br,checkingTime,frequency,all,3,0.11184594709578168,0.5864634044263949,24
sub-00065,br,readingTime,frequency,all,4,-0.2634440348030001,0.19347945676669384,24
sub-00065,br,checkingTime,frequency,all,4,-0.1820944569437545,0.3732968694318348,24
sub-00065,br,readingTime,frequency,all,5,-0.3936779438959083,0.046609721085783914,24
sub-00065,br,checkingTime,frequency,all,5,0.06823179144430613,0.7405004916996027,24
sub-00065,br,readingTime,frequency,all,6,-0.19930089513742727,0.32901567856101155,24
sub-00065,br,checkingTime,frequency,all,6,0.31438869933609703,0.11777124329982784,24
sub-00065,br,readingTime,frequency,all,7,-0.22567468336299476,0.2676449676173489,24
sub-00065,br,checkingTime,frequency,all,7,-0.008298442001947076,0.9679070233992204,24
sub-00066,cb,readingTime,frequency,all,1,0.2116222722159882,0.2993587698134502,24
sub-00066,cb,checkingTime,frequency,all,1,0.0114911858430633,0.9555698586775376,24
sub-00066,cb,readingTime,frequency,all,2,0.12166373505347838,0.5538092237720621,24
sub-00066,cb,checkingTime,frequency,all,2,0.010370120273326391,0.9599008048744169,24
sub-00066,cb,readingTime,frequency,all,3,0.121879176366432,0.5531021197154248,24
sub-00066,cb,checkingTime,frequency,all,3,0.2038546888427816,0.31785412524956236,24
sub-00066,cb,readingTime,frequency,all,4,-0.17298736862889852,0.3980644811567814,24
sub-00066,cb,checkingTime,frequency,all,4,-0.1662215663728134,0.4170489734373041,24
sub-00066,cb,readingTime,frequency,all,5,-0.18755829253021905,0.3588767030381561,24
sub-00066,cb,checkingTime,frequency,all,5,-0.06723634381501818,0.7441612680548209,24
sub-00066,cb,readingTime,frequency,all,6,-0.1847561413481447,0.366230713298507,24
sub-00066,cb,checkingTime,frequency,all,6,0.0032144462840347178,0.9875659443476579,24
sub-00066,cb,readingTime,frequency,all,7,0.08436786295742761,0.6819762086312988,24
sub-00066,cb,checkingTime,frequency,all,7,-0.1263491561977642,0.5385253848229145,24
sub-00067,cb,readingTime,frequency,all,1,-0.1831419363827657,0.37050668314761465,24
sub-00067,cb,checkingTime,frequency,all,1,-0.2030155863298638,0.31989313936214414,24
sub-00067,cb,readingTime,frequency,all,2,-0.10536660969888353,0.6084600653231437,24
sub-00067,cb,checkingTime,frequency,all,2,-0.20644145950760606,0.3116185899999332,24
sub-00067,cb,readingTime,frequency,all,3,0.2084081693568339,0.3069286264529419,24
sub-00067,cb,checkingTime,frequency,all,3,-0.2261231452219323,0.2666699233936889,24
sub-00067,cb,readingTime,frequency,all,4,-0.33140201017429755,0.09816127927192822,24
sub-00067,cb,checkingTime,frequency,all,4,-0.006015154475712122,0.9767345070744087,24
sub-00067,cb,readingTime,frequency,all,5,-0.26210766663487944,0.19583252005759777,24
sub-00067,cb,checkingTime,frequency,all,5,-0.18375612599090155,0.3688763103133105,24
sub-00067,cb,readingTime,frequency,all,6,0.06401840440553463,0.7560319970588345,24
sub-00067,cb,checkingTime,frequency,all,6,-0.10569660816590573,0.6073314842544972,24
sub-00067,cb,readingTime,frequency,all,7,-0.12943687564686474,0.5285627838347577,24
sub-00067,cb,checkingTime,frequency,all,7,0.10416946451934328,0.6125615674885767,24
sub-00068,cb,readingTime,frequency,all,1,-0.004857171961825019,0.9812124997323726,24
sub-00068,cb,checkingTime,frequency,all,1,-0.10210697203746416,0.6196544710288372,24
sub-00068,cb,readingTime,frequency,all,2,-0.29560435858364464,0.1426049409953688,24
sub-00068,cb,checkingTime,frequency,all,2,-0.08570136511624328,0.6772135765300062,24
sub-00068,cb,readingTime,frequency,all,3,0.14697460823810424,0.4736986695709292,24
sub-00068,cb,checkingTime,frequency,all,3,0.11194878248411952,0.5861170887639584,24
sub-00068,cb,readingTime,frequency,all,4,0.25751335395065716,0.2040715717228319,24
sub-00068,cb,checkingTime,frequency,all,4,-0.17110856466906108,0.4032867614881789,24
sub-00068,cb,readingTime,frequency,all,5,0.14904170963252333,0.4674315436211558,24
sub-00068,cb,checkingTime,frequency,all,5,-0.13995096397593154,0.4953121624674464,24
sub-00068,cb,readingTime,frequency,all,6,-0.29766462684212597,0.1397113736658923,24
sub-00068,cb,checkingTime,frequency,all,6,0.04264599735716746,0.8361254856760558,24
sub-00068,cb,readingTime,frequency,all,7,0.06929139077183515,0.7366098319405532,24
sub-00068,cb,checkingTime,frequency,all,7,-0.05424921323638401,0.7923909932528853,24
sub-00069,cb,readingTime,frequency,all,1,-0.05873897922299649,0.7756235085022594,24
sub-00069,cb,checkingTime,frequency,all,1,-0.27383541112021126,0.17584393504134868,24
sub-00069,cb,readingTime,frequency,all,2,-0.04590897903945327,0.8237728767475099,24
sub-00069,cb,checkingTime,frequency,all,2,-0.12617644409817572,0.5390852353254566,24
sub-00069,cb,readingTime,frequency,all,3,-0.01044436882778764,0.9596139292593162,24
sub-00069,cb,checkingTime,frequency,all,3,-0.1766665983805673,0.3879490084820895,24
sub-00069,cb,readingTime,frequency,all,4,0.16031710234747193,0.43401666416475554,24
sub-00069,cb,checkingTime,frequency,all,4,-0.030121417528085417,0.8838671117277818,24
sub-00069,cb,readingTime,frequency,all,5,-0.33178546599149716,0.09774939680044346,24
sub-00069,cb,checkingTime,frequency,all,5,-0.12060547151843809,0.5572885724228912,24
sub-00069,cb,readingTime,frequency,all,6,0.021850227690898796,0.9156239464789369,24
sub-00069,cb,checkingTime,frequency,all,6,0.22596669780514375,0.26700981073713503,24
sub-00069,cb,readingTime,frequency,all,7,-0.08555750411785044,0.6777268023150252,24
sub-00069,cb,checkingTime,frequency,all,7,0.2275725740980828,0.2635342381310113,24
sub-00070,cb,readingTime,frequency,all,1,-0.006794550014402083,0.9737209127789548,24
sub-00070,cb,checkingTime,frequency,all,1,-0.017301490458882712,0.9331455844657273,24
sub-00070,cb,readingTime,frequency,all,2,0.020649614363962735,0.9202452871581407,24
sub-00070,cb,checkingTime,frequency,all,2,0.049803089832725654,0.8090845529623245,24
sub-00070,cb,readingTime,frequency,all,3,-0.16548479466245486,0.41914600947404546,24
sub-00070,cb,checkingTime,frequency,all,3,-0.03123893229633322,0.8795887542810649,24
sub-00070,cb,readingTime,frequency,all,4,-0.1561193566872458,0.44630306691881205,24
sub-00070,cb,checkingTime,frequency,all,4,-0.049125659053938155,0.8116354030023167,24
sub-00070,cb,readingTime,frequency,all,5,0.09146383203837283,0.6567733333070009,24
sub-00070,cb,checkingTime,frequency,all,5,-0.13919050166188354,0.497681471534279,24
sub-00070,cb,readingTime,frequency,all,6,-0.0004656064622814053,0.9981988837607554,24
sub-00070,cb,checkingTime,frequency,all,6,-0.1044356496015231,0.6116486105112164,24
sub-00070,cb,readingTime,frequency,all,7,0.007570644787463415,0.9707204299620447,24
sub-00070,cb,checkingTime,frequency,all,7,0.1157147767707769,0.5734961382009055,24
sub-00071,cb,readingTime,frequency,all,1,0.22330877201966728,0.2728268421274327,24
sub-00071,cb,checkingTime,frequency,all,1,0.05796951684332054,0.7784904244197002,24
sub-00071,cb,readingTime,frequency,all,2,-0.34062888939092006,0.08860473307760905,24
sub-00071,cb,checkingTime,frequency,all,2,0.0058029565045983385,0.9775550427865007,24
sub-00071,cb,readingTime,frequency,all,3,0.21633602009573003,0.2884697871190831,24
sub-00071,cb,checkingTime,frequency,all,3,-0.1434148799304486,0.4845917029896437,24
sub-00071,cb,readingTime,frequency,all,4,0.2858990131352545,0.15681578632749882,24
sub-00071,cb,checkingTime,frequency,all,4,0.048653441011746956,0.8134146384025127,24
sub-00071,cb,readingTime,frequency,all,5,-0.16866761095032268,0.4101285911345808,24
sub-00071,cb,checkingTime,frequency,all,5,-0.22034369331566073,0.2794110842127302,24
sub-00071,cb,readingTime,frequency,all,6,-0.14579013817602932,0.47730917889964725,24
sub-00071,cb,checkingTime,frequency,all,6,0.012781386200605293,0.9505870306784758,24
sub-00071,cb,readingTime,frequency,all,7,0.5052731382478625,0.008464833173100782,24
sub-00071,cb,checkingTime,frequency,all,7,-0.029439521709211772,0.8864792865117643,24
sub-00074,br,readingTime,frequency,all,1,0.12070232296337487,0.5569697315218411,24
sub-00074,br,checkingTime,frequency,all,1,0.30367194043656337,0.1315160422978876,24
sub-00074,br,readingTime,frequency,all,2,0.16942859306081165,0.40798871637804346,24
sub-00074,br,checkingTime,frequency,all,2,0.00013553319305918508,0.9994757134353762,24
sub-00074,br,readingTime,frequency,all,3,-0.15590206923657382,0.446944046867469,24
sub-00074,br,checkingTime,frequency,all,3,0.16158242756158897,0.4303494164345847,24
sub-00074,br,readingTime,frequency,all,4,0.2140369975571309,0.29374900572420093,24
sub-00074,br,checkingTime,frequency,all,4,-0.04320641284652895,0.8340011548374793,24
sub-00074,br,readingTime,frequency,all,5,-0.03495108741566453,0.8654011668347468,24
sub-00074,br,checkingTime,frequency,all,5,-0.1393618707489724,0.4971470588143099,24
sub-00074,br,readingTime,frequency,all,6,-0.11089557860498543,0.5896681242360309,24
sub-00074,br,checkingTime,frequency,all,6,-0.06260603942567175,0.7612593466807356,24
sub-00074,br,readingTime,frequency,all,7,0.16916617887455404,0.40872591837076994,24
sub-00074,br,checkingTime,frequency,all,7,-0.05138588615360795,0.8031320077172095,24
sub-00076,br,readingTime,frequency,all,1,0.13138048633326666,0.522337074486942,24
sub-00076,br,checkingTime,frequency,all,1,0.09025238347710059,0.6610511960699943,24
sub-00076,br,readingTime,frequency,all,2,-0.0275580486075132,0.8936926556238145,24
sub-00076,br,checkingTime,frequency,all,2,-0.34371673701897115,0.0855686834595358,24
sub-00076,br,readingTime,frequency,all,3,-0.2690223684342338,0.1838672329846477,24
sub-00076,br,checkingTime,frequency,all,3,-0.12680747285742255,0.5370410645832566,24
sub-00076,br,readingTime,frequency,all,4,0.36387076960116177,0.0676465751372255,24
sub-00076,br,checkingTime,frequency,all,4,0.06063915472454142,0.7685560251240238,24
sub-00076,br,readingTime,frequency,all,5,-0.16620470781909621,0.4170968922615864,24
sub-00076,br,checkingTime,frequency,all,5,-0.1563410312419097,0.44564965045051086,24
sub-00076,br,readingTime,frequency,all,6,0.26995611819386656,0.18229119801587781,24
sub-00076,br,checkingTime,frequency,all,6,0.4126864266848636,0.036150979508621284,24
sub-00076,br,readingTime,frequency,all,7,-0.41827783026981263,0.03346058675409505,24
sub-00076,br,checkingTime,frequency,all,7,0.24846915346539972,0.22097275240806763,24
sub-00077,br,readingTime,frequency,all,1,0.1299968181902697,0.5267655753122874,24
sub-00077,br,checkingTime,frequency,all,1,0.04750128139209965,0.817759542394878,24
sub-00077,br,readingTime,frequency,all,2,0.1538219258563825,0.4531050352984585,24
sub-00077,br,checkingTime,frequency,all,2,-0.20844269308040383,0.3068466914824289,24
sub-00077,br,readingTime,frequency,all,3,-0.11211808291359679,0.5855471342653841,24
sub-00077,br,checkingTime,frequency,all,3,-0.12596471775271353,0.5397719236541241,24
sub-00077,br,readingTime,frequency,all,4,-0.26620825755175564,0.18867407879273093,24
sub-00077,br,checkingTime,frequency,all,4,0.03574400702853292,0.8623757908558165,24
sub-00077,br,readingTime,frequency,all,5,-0.12472004098670408,0.5438170267010753,24
sub-00077,br,checkingTime,frequency,all,5,0.18907499326278532,0.35493276791315065,24
sub-00077,br,readingTime,frequency,all,6,-0.1735223913646415,0.3965843527835739,24
sub-00077,br,checkingTime,frequency,all,6,-0.008852961955417741,0.9657636945982518,24
sub-00077,br,readingTime,frequency,all,7,-0.2730629445458926,0.17711487992479819,24
sub-00077,br,checkingTime,frequency,all,7,-0.22824695460999878,0.26208343741624596,24
sub-00079,br,readingTime,frequency,all,1,-0.0009419273957373329,0.9963563294421645,24
sub-00079,br,checkingTime,frequency,all,1,0.3346406016728871,0.09472312111721895,24
sub-00079,br,readingTime,frequency,all,2,0.13604156866872139,0.5075520860358247,24
sub-00079,br,checkingTime,frequency,all,2,0.08798968113061334,0.6690689698843698,24
sub-00079,br,readingTime,frequency,all,3,0.07754064946559427,0.7065424798229869,24
sub-00079,br,checkingTime,frequency,all,3,-0.21860478369512046,0.28331912154930405,24
sub-00079,br,readingTime,frequency,all,4,0.22703894716017234,0.2646859020537929,24
sub-00079,br,checkingTime,frequency,all,4,-0.08306017038501551,0.6866582066534124,24
sub-00079,br,readingTime,frequency,all,5,0.020900566322593465,0.9192791220931341,24
sub-00079,br,checkingTime,frequency,all,5,0.32778635925288285,0.10210897482166961,24
sub-00079,br,readingTime,frequency,all,6,-0.24112842741487797,0.23536234696297986,24
sub-00079,br,checkingTime,frequency,all,6,0.12143547913346042,0.5545588385539616,24
sub-00079,br,readingTime,frequency,all,7,0.07728986918316372,0.7074505088574261,24
sub-00079,br,checkingTime,frequency,all,7,-0.04447996772033975,0.8291778094652817,24
sub-00080,br,readingTime,frequency,all,1,-0.18168214923525214,0.37439846941907506,24
sub-00080,br,checkingTime,frequency,all,1,-0.11170068702935006,0.586952743621749,24
sub-00080,br,readingTime,frequency,all,2,0.34421665210014235,0.08508464724425467,24
sub-00080,br,checkingTime,frequency,all,2,-0.1926396499882972,0.34576480686519306,24
sub-00080,br,readingTime,frequency,all,3,-0.19169104886161248,0.34819060876838803,24
sub-00080,br,checkingTime,frequency,all,3,0.12054121289623833,0.5575001616422857,24
sub-00080,br,readingTime,frequency,all,4,0.4154492826769706,0.03480081661258658,24
sub-00080,br,checkingTime,frequency,all,4,-0.19302018413896285,0.3447945290759638,24
sub-00080,br,readingTime,frequency,all,5,-0.1540934249207405,0.4522983705479454,24
sub-00080,br,checkingTime,frequency,all,5,-0.12515718473547205,0.5423947368942416,24
sub-00080,br,readingTime,frequency,all,6,-0.12009292558736352,0.5589772884256303,24
sub-00080,br,checkingTime,frequency,all,6,-0.2188477423540529,0.28277102278781396,24
sub-00080,br,readingTime,frequency,all,7,0.03974229005741024,0.8471499886253346,24
sub-00080,br,checkingTime,frequency,all,7,0.13633805289763035,0.5066186469053451,24
sub-00081,br,readingTime,frequency,all,1,0.02028163560936052,0.9216622042948599,24
sub-00081,br,checkingTime,frequency,all,1,-0.11287618130362499,0.5829979348684173,24
sub-00081,br,readingTime,frequency,all,2,-0.2204012709078926,0.2792822735505537,24
sub-00081,br,checkingTime,frequency,all,2,0.19439564539036552,0.3413009832313225,24
sub-00081,br,readingTime,frequency,all,3,-0.2697218614883771,0.1826857056300925,24
sub-00081,br,checkingTime,frequency,all,3,0.10977327074958113,0.5934623328942799,24
sub-00081,br,readingTime,frequency,all,4,-0.17509457385270016,0.3922529766992277,24
sub-00081,br,checkingTime,frequency,all,4,0.07683812317514868,0.7090871799222481,24
sub-00081,br,readingTime,frequency,all,5,-0.28035804616072296,0.1653653620362051,24
sub-00081,br,checkingTime,frequency,all,5,-0.04431874670546822,0.8297880738825011,24
sub-00081,br,readingTime,frequency,all,6,-0.05240022536942373,0.7993228935760135,24
sub-00081,br,checkingTime,frequency,all,6,-0.07609921690228348,0.7117669377689682,24
sub-00081,br,readingTime,frequency,all,7,-0.06575530032877729,0.7496178385204528,24
sub-00081,br,checkingTime,frequency,all,7,-0.008411335280724661,0.9674706505850816,24
sub-00082,br,readingTime,frequency,all,1,-0.06801704593081764,0.7412897600716455,24
sub-00082,br,checkingTime,frequency,all,1,0.13417582222699406,0.5134454548217587,24
sub-00082,br,readingTime,frequency,all,2,0.5436289106973987,0.004099260144209056,24
sub-00082,br,checkingTime,frequency,all,2,0.12132621049714734,0.5549178517516205,24
sub-00082,br,readingTime,frequency,all,3,-0.08067642653042742,0.6952217571633472,24
sub-00082,br,checkingTime,frequency,all,3,-0.1115736467479007,0.587380850653217,24
sub-00082,br,readingTime,frequency,all,4,-0.25323364349320354,0.21195593188038883,24
sub-00082,br,checkingTime,frequency,all,4,0.09104983850931872,0.6582340502282527,24
sub-00082,br,readingTime,frequency,all,5,-0.047133116493710187,0.8191490392893576,24
sub-00082,br,checkingTime,frequency,all,5,-0.16009668739930963,0.4346572087093382,24
sub-00082,br,readingTime,frequency,all,6,0.03062147045286146,0.8819522814545505,24
sub-00082,br,checkingTime,frequency,all,6,-0.028033993462965354,0.8918671329799192,24
sub-00082,br,readingTime,frequency,all,7,0.2511468895348405,0.21587398939577385,24
sub-00082,br,checkingTime,frequency,all,7,-0.14210330771282043,0.4886369792697458,24
sub-00083,br,readingTime,frequency,all,1,0.039890908590316645,0.8465850303328936,24
sub-00083,br,checkingTime,frequency,all,1,0.3144045047820277,0.11775178418320939,24
sub-00083,br,readingTime,frequency,all,2,0.12537192841064787,0.5416966837969296,24
sub-00083,br,checkingTime,frequency,all,2,0.5709776295851479,0.0023161338183703304,24
sub-00083,br,readingTime,frequency,all,3,-0.13665622995992055,0.5056178514363474,24
sub-00083,br,checkingTime,frequency,all,3,0.14073112431482468,0.4928873551321313,24
sub-00083,br,readingTime,frequency,all,4,0.32310035852435404,0.10739968997033349,24
sub-00083,br,checkingTime,frequency,all,4,0.2880818473932058,0.15353541555888273,24
sub-00083,br,readingTime,frequency,all,5,0.07715431438392534,0.7079414900097065,24
sub-00083,br,checkingTime,frequency,all,5,0.15915463926960843,0.4374006306077606,24
sub-00083,br,readingTime,frequency,all,6,-0.046757428146676536,0.8205674786691156,24
sub-00083,br,checkingTime,frequency,all,6,0.38957001660588914,0.04915538197614268,24
sub-00083,br,readingTime,frequency,all,7,-0.13730328726856258,0.5035856039536019,24
sub-00083,br,checkingTime,frequency,all,7,0.36244383733163454,0.06881147332921594,24
sub-00084,br,readingTime,frequency,all,1,-0.011673195131138172,0.9548668256475255,24
sub-00084,br,checkingTime,frequency,all,1,-0.0677211196668541,0.7423778148294649,24
sub-00084,br,readingTime,frequency,all,2,0.3584021720299732,0.07219471556713071,24
sub-00084,br,checkingTime,frequency,all,2,-0.08330598620028885,0.6857772343650659,24
sub-00084,br,readingTime,frequency,all,3,0.1543574630816072,0.4515146023676972,24
sub-00084,br,checkingTime,frequency,all,3,-0.09098893660500823,0.6584490370957414,24
sub-00084,br,readingTime,frequency,all,4,0.17267797721755487,0.39892182499407836,24
sub-00084,br,checkingTime,frequency,all,4,0.1258457330982598,0.5401580042577382,24
sub-00084,br,readingTime,frequency,all,5,0.08386157201051032,0.6837875599348728,24
sub-00084,br,checkingTime,frequency,all,5,-0.06311588296302109,0.7593711585979477,24
sub-00084,br,readingTime,frequency,all,6,0.06455722928026145,0.7540404721577798,24
sub-00084,br,checkingTime,frequency,all,6,0.029090447757972326,0.8878169513558747,24
sub-00084,br,readingTime,frequency,all,7,-0.1215558278774127,0.5541635436203289,24
sub-00084,br,checkingTime,frequency,all,7,0.11311362655807504,0.5822004934954518,24
sub-00085,br,readingTime,frequency,all,1,-0.13067426881634403,0.5245951203994403,24
sub-00085,br,checkingTime,frequency,all,1,0.08171695935533842,0.691479114720617,24
sub-00085,br,readingTime,frequency,all,2,0.2267129887835706,0.2653909739410142,24
sub-00085,br,checkingTime,frequency,all,2,-0.08391861373826144,0.6835833970238265,24
sub-00085,br,readingTime,frequency,all,3,0.18042192526591286,0.3777771672450972,24
sub-00085,br,checkingTime,frequency,all,3,-0.23681712635196264,0.24409637573689313,24
sub-00085,br,readingTime,frequency,all,4,-0.10730493928756794,0.601843628587301,24
sub-00085,br,checkingTime,frequency,all,4,-0.02594126725171119,0.8998978273400049,24
sub-00085,br,readingTime,frequency,all,5,-0.2162194402248419,0.28873603798328357,24
sub-00085,br,checkingTime,frequency,all,5,0.2092040087244983,0.30504331193986506,24
sub-00085,br,readingTime,frequency,all,6,-0.14301203876657784,0.48583237361441634,24
sub-00085,br,checkingTime,frequency,all,6,0.18891819216557662,0.3553393126661773,24
sub-00085,br,readingTime,frequency,all,7,-0.4112962223749336,0.03684596856058576,24
sub-00085,br,checkingTime,frequency,all,7,0.06783112995295074,0.7419732751941053,24
sub-00086,br,readingTime,frequency,all,1,-0.18767651032006455,0.35856837378419576,24
sub-00086,br,checkingTime,frequency,all,1,-0.15032117859647173,0.46357406574064863,24
sub-00086,br,readingTime,frequency,all,2,-0.045921315427270265,0.8237262506475054,24
sub-00086,br,checkingTime,frequency,all,2,-0.24093230260348145,0.23575510992432538,24
sub-00086,br,readingTime,frequency,all,3,-0.44279709957533275,0.023490922376597743,24
sub-00086,br,checkingTime,frequency,all,3,-0.03419789244647247,0.8682766853742283,24
sub-00086,br,readingTime,frequency,all,4,0.0045087386053165555,0.9825600283517413,24
sub-00086,br,checkingTime,frequency,all,4,0.5091536963963159,0.007895147874463878,24
sub-00086,br,readingTime,frequency,all,5,0.050012620402968236,0.8082959534516059,24
sub-00086,br,checkingTime,frequency,all,5,-0.2830695094344634,0.161141559623481,24
sub-00086,br,readingTime,frequency,all,6,0.15238334273388787,0.4573919399000453,24
sub-00086,br,checkingTime,frequency,all,6,0.014184684835766471,0.9451694689888135,24
sub-00086,br,readingTime,frequency,all,7,0.08492344563161272,0.6799904791354643,24
sub-00086,br,checkingTime,frequency,all,7,-0.3500221269930739,0.07961416238487753,24
sub-00087,br,readingTime,frequency,all,1,-0.13406548684909023,0.5137950141627416,24
sub-00087,br,checkingTime,frequency,all,1,0.028514992444424684,0.8900227696580516,24
sub-00087,br,readingTime,frequency,all,2,-0.06777077566358483,0.7421952071156563,24
sub-00087,br,checkingTime,frequency,all,2,0.04736622185376386,0.8182692107042142,24
sub-00087,br,readingTime,frequency,all,3,0.17291764158542472,0.398257608600462,24
sub-00087,br,checkingTime,frequency,all,3,0.01619971086020686,0.9373944866690835,24
sub-00087,br,readingTime,frequency,all,4,-0.08012378701409212,0.6972123560361255,24
sub-00087,br,checkingTime,frequency,all,4,-0.00218065428077588,0.9915646650189492,24
sub-00087,br,readingTime,frequency,all,5,0.16862737202617537,0.4102419161060391,24
sub-00087,br,checkingTime,frequency,all,5,-0.16338277144715063,0.4251606843546537,24
sub-00087,br,readingTime,frequency,all,6,-0.38719865473201365,0.05067382676246448,24
sub-00087,br,checkingTime,frequency,all,6,0.050889864803173035,0.8049963005401508,24
sub-00087,br,readingTime,frequency,all,7,-0.1219511718891734,0.5528659142122455,24
sub-00087,br,checkingTime,frequency,all,7,0.49493104353275696,0.010153239423650581,24
sub-00088,br,readingTime,frequency,all,1,0.33874581329404563,0.09049567127250549,24
sub-00088,br,checkingTime,frequency,all,1,0.06868370458069256,0.7388403811956799,24
sub-00088,br,readingTime,frequency,all,2,0.022459453856711217,0.9132799547884327,24
sub-00088,br,checkingTime,frequency,all,2,0.14826386499266123,0.4697847834918806,24
sub-00088,br,readingTime,frequency,all,3,0.4551993242555604,0.019456674203361703,24
sub-00088,br,checkingTime,frequency,all,3,-0.056270483416454374,0.7848307531983212,24
sub-00088,br,readingTime,frequency,all,4,-0.12615725805234695,0.5391474442042307,24
sub-00088,br,checkingTime,frequency,all,4,-0.11861917597384568,0.5638458519608118,24
sub-00088,br,readingTime,frequency,all,5,0.15277299035327263,0.45622871016153593,24
sub-00088,br,checkingTime,frequency,all,5,0.1538523776102254,0.45301452070889714,24
sub-00088,br,readingTime,frequency,all,6,-0.04296218742294657,0.834926785882746,24
sub-00088,br,checkingTime,frequency,all,6,-0.21691172149381815,0.28715724361475503,24
sub-00088,br,readingTime,frequency,all,7,-0.05998201963297289,0.770998158256679,24
sub-00088,br,checkingTime,frequency,all,7,-0.13391455623743362,0.514273373036586,24
sub-00089,br,readingTime,frequency,all,1,-0.08078006197483975,0.6948486822890834,24
sub-00089,br,checkingTime,frequency,all,1,-0.24397109638095366,0.22971821580716667,24
sub-00089,br,readingTime,frequency,all,2,-0.2327751645561028,0.2524757771657348,24
sub-00089,br,checkingTime,frequency,all,2,-0.16272901825955555,0.42704088538435575,24
sub-00089,br,readingTime,frequency,all,3,0.20067429967963354,0.32562466374832144,24
sub-00089,br,checkingTime,frequency,all,3,0.17149042890503416,0.40222224301627546,24
sub-00089,br,readingTime,frequency,all,4,-0.18615059831489866,0.36256015041259537,24
sub-00089,br,checkingTime,frequency,all,4,-0.08282253546526648,0.6875102385574168,24
sub-00089,br,readingTime,frequency,all,5,0.17366999883981143,0.39617654787777684,24
sub-00089,br,checkingTime,frequency,all,5,-0.0015460286614862294,0.9940195092563183,24
sub-00089,br,readingTime,frequency,all,6,-0.12976441601841815,0.5275111457396774,24
sub-00089,br,checkingTime,frequency,all,6,0.14710945562063524,0.47328852006067945,24
sub-00089,br,readingTime,frequency,all,7,0.15810376442851612,0.44047194883896934,24
sub-00089,br,checkingTime,frequency,all,7,0.05828913723268059,0.7772992158450924,24
sub-00090,br,readingTime,frequency,all,1,0.0303126992732561,0.883134569526019,24
sub-00090,br,checkingTime,frequency,all,1,0.19827925398550963,0.33155200670587326,24
sub-00090,br,readingTime,frequency,all,2,0.17397357765931856,0.3953385759207988,24
sub-00090,br,checkingTime,frequency,all,2,-0.17931000200240538,0.38077281215754977,24
sub-00090,br,readingTime,frequency,all,3,-0.02698775099216899,0.8958807690458417,24
sub-00090,br,checkingTime,frequency,all,3,-0.19297605901867473,0.34490695497005064,24
sub-00090,br,readingTime,frequency,all,4,-0.1738580755334194,0.3956572794836147,24
sub-00090,br,checkingTime,frequency,all,4,-0.12499501773167515,0.5429221604754803,24
sub-00090,br,readingTime,frequency,all,5,0.31401950141330315,0.11822645889336918,24
sub-00090,br,checkingTime,frequency,all,5,-0.07578595828288238,0.7129040273136703,24
sub-00090,br,readingTime,frequency,all,6,-0.1550013556901558,0.44960629642584493,24
sub-00090,br,checkingTime,frequency,all,6,0.11551941245902067,0.5741478848465257,24
sub-00090,br,readingTime,frequency,all,7,-0.17219821659559661,0.40025332807800973,24
sub-00090,br,checkingTime,frequency,all,7,0.5924365916023308,0.0014282531113895282,24
sub-00092,cb,readingTime,frequency,all,1,0.09595195721781502,0.6410173186884776,24
sub-00092,cb,checkingTime,frequency,all,1,0.42000591348118116,0.03266232158561324,24
sub-00092,cb,readingTime,frequency,all,2,0.23833764458871923,0.2409920706882406,24
sub-00092,cb,checkingTime,frequency,all,2,-0.12528388965877418,0.5419828147971726,24
sub-00092,cb,readingTime,frequency,all,3,-0.12443014290154727,0.5447611948909814,24
sub-00092,cb,checkingTime,frequency,all,3,-0.20933557937638064,0.30473232010352264,24
sub-00092,cb,readingTime,frequency,all,4,-0.5114971454717933,0.007566935106619589,24
sub-00092,cb,checkingTime,frequency,all,4,-0.11341151170198602,0.581200744357007,24
sub-00092,cb,readingTime,frequency,all,5,0.08602063533782377,0.676075077491486,24
sub-00092,cb,checkingTime,frequency,all,5,-0.22301132977475122,0.27348281967350707,24
sub-00092,cb,readingTime,frequency,all,6,-0.021578342951421636,0.9166702431470116,24
sub-00092,cb,checkingTime,frequency,all,6,-0.11654700918478894,0.570723447460384,24
sub-00092,cb,readingTime,frequency,all,7,-0.037786471333819745,0.8545915858526544,24
sub-00092,cb,checkingTime,frequency,all,7,-0.13478606864232556,0.5115141960824171,24
sub-00093,cb,readingTime,frequency,all,1,-0.02723830156287143,0.8949193663357151,24
sub-00093,cb,checkingTime,frequency,all,1,0.056008237288152,0.785810586716112,24
sub-00093,cb,readingTime,frequency,all,2,0.1431611174234986,0.48537305364086974,24
sub-00093,cb,checkingTime,frequency,all,2,-0.07365903408311229,0.7206401841497574,24
sub-00093,cb,readingTime,frequency,all,3,-0.29791496888078894,0.1393626806126089,24
sub-00093,cb,checkingTime,frequency,all,3,-0.10301055323182431,0.6165429306176762,24
sub-00093,cb,readingTime,frequency,all,4,-0.27938855118051936,0.16689434891804905,24
sub-00093,cb,checkingTime,frequency,all,4,-0.15895536788007614,0.4379821390663443,24
sub-00093,cb,readingTime,frequency,all,5,-0.015266043004276334,0.9409963939128982,24
sub-00093,cb,checkingTime,frequency,all,5,0.17558769279538194,0.3908999832694103,24
sub-00093,cb,readingTime,frequency,all,6,-0.15389902630011748,0.45287588098543397,24
sub-00093,cb,checkingTime,frequency,all,6,-0.20993558945164306,0.30331658212575163,24
sub-00093,cb,readingTime,frequency,all,7,0.08832274158312341,0.6678865418916147,24
sub-00093,cb,checkingTime,frequency,all,7,-0.118049415977484,0.5657331759036561,24
sub-00094,cb,readingTime,frequency,all,1,0.20027203532561647,0.326615667127635,24
sub-00094,cb,checkingTime,frequency,all,1,0.006810594941893683,0.9736588773521295,24
sub-00094,cb,readingTime,frequency,all,2,-0.20818958274249674,0.3074477116119888,24
sub-00094,cb,checkingTime,frequency,all,2,-0.33331339780811703,0.09612101812451967,24
sub-00094,cb,readingTime,frequency,all,3,0.09147703177009776,0.6567267800957278,24
sub-00094,cb,checkingTime,frequency,all,3,-0.2207791477661802,0.278437837989834,24
sub-00094,cb,readingTime,frequency,all,4,-0.024988402328600046,0.903557609432399,24
sub-00094,cb,checkingTime,frequency,all,4,0.09264378207638278,0.6526167940776451,24
sub-00094,cb,readingTime,frequency,all,5,0.014773286795972805,0.9428978104889756,24
sub-00094,cb,checkingTime,frequency,all,5,0.043465409303044863,0.8330197757747642,24
sub-00094,cb,readingTime,frequency,all,6,0.07338992933212114,0.7216209138671239,24
sub-00094,cb,checkingTime,frequency,all,6,-0.028527903045592187,0.8899732723230875,24
sub-00094,cb,readingTime,frequency,all,7,0.17760805459419243,0.38538439148990733,24
sub-00094,cb,checkingTime,frequency,all,7,-0.06155541851579611,0.7651544733828696,24
sub-00095,cb,readingTime,frequency,all,1,-0.08059988802215516,0.6954973307472258,24
sub-00095,cb,checkingTime,frequency,all,1,0.13976678751521604,0.4958854677921716,24
sub-00095,cb,readingTime,frequency,all,2,0.19510746765708248,0.33950137860210455,24
sub-00095,cb,checkingTime,frequency,all,2,0.2834347147496275,0.1605785410451452,24
sub-00095,cb,readingTime,frequency,all,3,-0.12277285184470618,0.550173401989764,24
sub-00095,cb,checkingTime,frequency,all,3,-0.07805730580630807,0.7046729956588528,24
sub-00095,cb,readingTime,frequency,all,4,0.0053801084610845176,0.9791901942156214,24
sub-00095,cb,checkingTime,frequency,all,4,-0.3707505558553913,0.06224178217054688,24
sub-00095,cb,readingTime,frequency,all,5,0.18686029183833935,0.3607003680815615,24
sub-00095,cb,checkingTime,frequency,all,5,0.12121406562692616,0.5552864256295825,24
sub-00095,cb,readingTime,frequency,all,6,0.0341955338269757,0.8682856926016166,24
sub-00095,cb,checkingTime,frequency,all,6,-0.15107275194686406,0.461315907265621,24
sub-00095,cb,readingTime,frequency,all,7,-0.2021840015505916,0.3219217641755671,24
sub-00095,cb,checkingTime,frequency,all,7,-0.0018010327192365882,0.9930331008302333,24
sub-00097,cb,readingTime,frequency,all,1,-0.026917390169328568,0.89615078060188,24
sub-00097,cb,checkingTime,frequency,all,1,-0.21852151023156008,0.28350713587027027,24
sub-00097,cb,readingTime,frequency,all,2,0.14249105667134968,0.48743927648929697,24
sub-00097,cb,checkingTime,frequency,all,2,-0.27650319945037777,0.17150358150904288,24
sub-00097,cb,readingTime,frequency,all,3,-0.1695843360258521,0.4075515374353571,24
sub-00097,cb,checkingTime,frequency,all,3,-0.1296418525381726,0.5279045449218387,24
sub-00097,cb,readingTime,frequency,all,4,-0.15645809210522646,0.4453048032745286,24
sub-00097,cb,checkingTime,frequency,all,4,-0.14165967746953465,0.49000911007950354,24
sub-00097,cb,readingTime,frequency,all,5,0.08232382196060489,0.6892995658395253,24
sub-00097,cb,checkingTime,frequency,all,5,0.09872328601025501,0.6313628057831051,24
sub-00097,cb,readingTime,frequency,all,6,0.011138068619106913,0.956933908755594,24
sub-00097,cb,checkingTime,frequency,all,6,0.5545958693985855,0.00327929416114189,24
sub-00097,cb,readingTime,frequency,all,7,0.06424608450700223,0.7551902936116406,24
sub-00097,cb,checkingTime,frequency,all,7,0.08648627680212322,0.674415869754003,24
sub-00098,cb,readingTime,frequency,all,1,-0.12289920157527921,0.5497599112606509,24
sub-00098,cb,checkingTime,frequency,all,1,0.06488760093715344,0.7528201570593229,24
sub-00098,cb,readingTime,frequency,all,2,0.12458075087861582,0.5442705851267386,24
sub-00098,cb,checkingTime,frequency,all,2,-0.036667113490211914,0.8588560699210783,24
sub-00098,cb,readingTime,frequency,all,3,-0.45818204331247653,0.018576205365250457,24
sub-00098,cb,checkingTime,frequency,all,3,-0.11049864618367769,0.591008845234681,24
sub-00098,cb,readingTime,frequency,all,4,0.013023243391664977,0.9496531600052021,24
sub-00098,cb,checkingTime,frequency,all,4,-0.02174918534223556,0.9160127728415315,24
sub-00098,cb,readingTime,frequency,all,5,-0.054279857898318795,0.7922762334163995,24
sub-00098,cb,checkingTime,frequency,all,5,0.46281152094295785,0.017274407326433688,24
sub-00098,cb,readingTime,frequency,all,6,-0.04165526134649815,0.8398837342895714,24
sub-00098,cb,checkingTime,frequency,all,6,-0.11361722797545823,0.5805107675213995,24
sub-00098,cb,readingTime,frequency,all,7,0.09685820630332645,0.6378538508999807,24
sub-00098,cb,checkingTime,frequency,all,7,-0.025417349397947278,0.9019098594117327,24
sub-00100,br,readingTime,frequency,all,1,0.18568632214571193,0.3637798406638397,24
sub-00100,br,checkingTime,frequency,all,1,0.15717136441738846,0.44320666848758755,24
sub-00100,br,readingTime,frequency,all,2,-0.31094099550893894,0.12207260218475025,24
sub-00100,br,checkingTime,frequency,all,2,0.21470107351794487,0.29221790808100045,24
sub-00100,br,readingTime,frequency,all,3,-0.05553535331968369,0.7875782309730628,24
sub-00100,br,checkingTime,frequency,all,3,0.20329857604233798,0.31920458335635926,24
sub-00100,br,readingTime,frequency,all,4,0.08997395688726645,0.6620358472145276,24
sub-00100,br,checkingTime,frequency,all,4,-0.15592014295827755,0.4468907122079705,24
sub-00100,br,readingTime,frequency,all,5,-0.14869657041864878,0.46847494950216073,24
sub-00100,br,checkingTime,frequency,all,5,0.11201696801080485,0.5858875113678933,24
sub-00100,br,readingTime,frequency,all,6,0.03841085913328522,0.8522145370109244,24
sub-00100,br,checkingTime,frequency,all,6,0.03232081970035325,0.8754499257512763,24
sub-00100,br,readingTime,frequency,all,7,-0.026717790887536605,0.8969168094060838,24
sub-00100,br,checkingTime,frequency,all,7,0.04197452642533242,0.8386722599417398,24
sub-00101,cb,readingTime,frequency,all,1,-0.2337000683428215,0.2505420157925461,24
sub-00101,cb,checkingTime,frequency,all,1,0.349272178039632,0.08030538418061428,24
sub-00101,cb,readingTime,frequency,all,2,0.19254852515281254,0.3459973964128826,24
sub-00101,cb,checkingTime,frequency,all,2,0.13237887289512482,0.5191528506355849,24
sub-00101,cb,readingTime,frequency,all,3,-0.1921432030151346,0.34703308163000335,24
sub-00101,cb,checkingTime,frequency,all,3,0.4923905798575919,0.010608314845313811,24
sub-00101,cb,readingTime,frequency,all,4,-0.10431523885872779,0.6120615233544271,24
sub-00101,cb,checkingTime,frequency,all,4,-0.06726893939890073,0.7440413110039008,24
sub-00101,cb,readingTime,frequency,all,5,-0.048826747750074964,0.8127615435973539,24
sub-00101,cb,checkingTime,frequency,all,5,-0.23859933593130891,0.24046043554582078,24
sub-00101,cb,readingTime,frequency,all,6,0.050043977900434224,0.8081779504989584,24
sub-00101,cb,checkingTime,frequency,all,6,0.13181981070996668,0.52093475025743,24
sub-00101,cb,readingTime,frequency,all,7,-0.2881194043585114,0.1534794055028274,24
sub-00101,cb,checkingTime,frequency,all,7,-0.25412467052995286,0.21029769780628396,24
sub-00104,cb,readingTime,frequency,all,1,0.10051563313681615,0.6251498556795823,24
sub-00104,cb,checkingTime,frequency,all,1,0.517441521817164,0.006785313419666256,24
sub-00104,cb,readingTime,frequency,all,2,-0.23435108003263283,0.24918671830744255,24
sub-00104,cb,checkingTime,frequency,all,2,-0.04911513083277003,0.8116750616200521,24
sub-00104,cb,readingTime,frequency,all,3,0.34206542083065056,0.08718235465537916,24
sub-00104,cb,checkingTime,frequency,all,3,0.2441217315790555,0.22942166547085097,24
sub-00104,cb,readingTime,frequency,all,4,0.2423744886805462,0.23287708868188436,24
sub-00104,cb,checkingTime,frequency,all,4,-0.09831838543332201,0.6327697450241747,24
sub-00104,cb,readingTime,frequency,all,5,-0.17208228200711978,0.4005754616088449,24
sub-00104,cb,checkingTime,frequency,all,5,-0.09607635941914527,0.6405827015273211,24
sub-00104,cb,readingTime,frequency,all,6,0.07500629693327482,0.7157366897067134,24
sub-00104,cb,checkingTime,frequency,all,6,-0.13520664536938215,0.5101852580678451,24
sub-00104,cb,readingTime,frequency,all,7,-0.14490307744275907,0.4800223223834342,24
sub-00104,cb,checkingTime,frequency,all,7,-0.33727567329854796,0.09199293835458366,24
sub-00106,cb,readingTime,frequency,all,1,0.30040724675912056,0.13592539648640017,24
sub-00106,cb,checkingTime,frequency,all,1,0.09658481131266994,0.6388075512559823,24
sub-00106,cb,readingTime,frequency,all,2,-0.1370488476652537,0.5043842541721841,24
sub-00106,cb,checkingTime,frequency,all,2,0.16676587168286408,0.4155034709668116,24
sub-00106,cb,readingTime,frequency,all,3,-0.228555675593774,0.26142100968104587,24
sub-00106,cb,checkingTime,frequency,all,3,-0.1313682605731945,0.5223761250846073,24
sub-00106,cb,readingTime,frequency,all,4,0.3543964057569083,0.0756722178630082,24
sub-00106,cb,checkingTime,frequency,all,4,0.11620935573703686,0.5718476633603211,24
sub-00106,cb,readingTime,frequency,all,5,-0.14669566750576318,0.47454767109987406,24
sub-00106,cb,checkingTime,frequency,all,5,0.16641958230889073,0.41648635954780017,24
sub-00106,cb,readingTime,frequency,all,6,0.03863409729778208,0.8513649714242153,24
sub-00106,cb,checkingTime,frequency,all,6,-0.06442105615011945,0.7545436311672731,24
sub-00106,cb,readingTime,frequency,all,7,0.12397115836417875,0.5462576167377178,24
sub-00106,cb,checkingTime,frequency,all,7,-0.1689616843623258,0.4093009203450152,24
sub-00107,cb,readingTime,frequency,all,1,-0.2347732955577737,0.24831030488946787,24
sub-00107,cb,checkingTime,frequency,all,1,0.1641935391140625,0.4228352070124973,24
sub-00107,cb,readingTime,frequency,all,2,-0.006623411907337709,0.974382603081294,24
sub-00107,cb,checkingTime,frequency,all,2,-0.09011237760045332,0.6615462561027525,24
sub-00107,cb,readingTime,frequency,all,3,-0.08492956575198174,0.6799686165106777,24
sub-00107,cb,checkingTime,frequency,all,3,0.23975746802570744,0.23811693717980348,24
sub-00107,cb,readingTime,frequency,all,4,-0.030366117216935825,0.882930014160458,24
sub-00107,cb,checkingTime,frequency,all,4,-0.11275620761478178,0.5834010383669951,24
sub-00107,cb,readingTime,frequency,all,5,-0.3345813456571204,0.09478520646513885,24
sub-00107,cb,checkingTime,frequency,all,5,-0.27118070765814967,0.18023851068095867,24
sub-00107,cb,readingTime,frequency,all,6,-0.07029577109745039,0.7329277500902601,24
sub-00107,cb,checkingTime,frequency,all,6,0.06577660354555366,0.7495392677277699,24
sub-00107,cb,readingTime,frequency,all,7,-0.255076643895537,0.2085357716091807,24
sub-00107,cb,checkingTime,frequency,all,7,-0.13001754475374758,0.5266991067979159,24
sub-00108,br,readingTime,frequency,all,1,-0.09433003867845755,0.6466942246577474,24
sub-00108,br,checkingTime,frequency,all,1,0.17216745173014047,0.4003387965111198,24
sub-00108,br,readingTime,frequency,all,2,0.3634956281201953,0.06795134638361329,24
sub-00108,br,checkingTime,frequency,all,2,-0.14229647756454095,0.4880401188922812,24
sub-00108,br,readingTime,frequency,all,3,-0.1977650538034735,0.33283302319573294,24
sub-00108,br,checkingTime,frequency,all,3,-0.2557703282535062,0.20725821405226524,24
sub-00108,br,readingTime,frequency,all,4,0.0613045509229613,0.7660853795998732,24
sub-00108,br,checkingTime,frequency,all,4,0.3613236742349407,0.0697366906357746,24
sub-00108,br,readingTime,frequency,all,5,-0.4659530582800949,0.01643438426272093,24
sub-00108,br,checkingTime,frequency,all,5,0.0912928923798994,0.6573763210216534,24
sub-00108,br,readingTime,frequency,all,6,0.26681829819798014,0.18762476837376338,24
sub-00108,br,checkingTime,frequency,all,6,0.0623373092587133,0.7622551161964268,24
sub-00108,br,readingTime,frequency,all,7,-0.15358764644328257,0.45380172529289325,24
sub-00108,br,checkingTime,frequency,all,7,-0.19067858199288318,0.35079086830296363,24
sub-00111,cb,readingTime,frequency,all,1,-0.0578319170782189,0.7790034017883034,24
sub-00111,cb,checkingTime,frequency,all,1,0.11506575337378533,0.5756625824725083,24
sub-00111,cb,readingTime,frequency,all,2,0.22066258119329288,0.27869815388867347,24
sub-00111,cb,checkingTime,frequency,all,2,-0.11673016907132333,0.5701140297708078,24
sub-00111,cb,readingTime,frequency,all,3,0.4898398296273521,0.011082171210782327,24
sub-00111,cb,checkingTime,frequency,all,3,-0.25245814421822954,0.2134063420425807,24
sub-00111,cb,readingTime,frequency,all,4,-0.2765970640141431,0.17135224830061546,24
sub-00111,cb,checkingTime,frequency,all,4,-0.07513863319899933,0.7152556267931335,24
sub-00111,cb,readingTime,frequency,all,5,0.09007839270910642,0.6616664474019625,24
sub-00111,cb,checkingTime,frequency,all,5,-0.09118290365338451,0.6577644154275475,24
sub-00111,cb,readingTime,frequency,all,6,-0.1377565068050986,0.5021645609512648,24
sub-00111,cb,checkingTime,frequency,all,6,-0.10463202208954366,0.6109754572241713,24
sub-00111,cb,readingTime,frequency,all,7,0.15688693317406083,0.4440427060809023,24
sub-00111,cb,checkingTime,frequency,all,7,-0.045990312132686194,0.8234654843004834,24
sub-00113,cb,readingTime,frequency,all,1,0.22361680833612663,0.2721485630645841,24
sub-00113,cb,checkingTime,frequency,all,1,0.2812032311717896,0.1640404945062237,24
sub-00113,cb,readingTime,frequency,all,2,0.11729111529777826,0.5682494335133919,24
sub-00113,cb,checkingTime,frequency,all,2,0.11664747942018376,0.570389122486251,24
sub-00113,cb,readingTime,frequency,all,3,-0.09331196437158315,0.6502674876166343,24
sub-00113,cb,checkingTime,frequency,all,3,-0.03917117463338904,0.8493217079125244,24
sub-00113,cb,readingTime,frequency,all,4,0.050404664737840464,0.806820926257549,24
sub-00113,cb,checkingTime,frequency,all,4,-0.15473048035836726,0.4504085682082549,24
sub-00113,cb,readingTime,frequency,all,5,0.3474202394118098,0.08203183498346216,24
sub-00113,cb,checkingTime,frequency,all,5,-0.2986099561527723,0.13839794249928988,24
sub-00113,cb,readingTime,frequency,all,6,0.2329006806761803,0.2522127825718557,24
sub-00113,cb,checkingTime,frequency,all,6,-0.07907938649745173,0.7009795927914741,24
sub-00113,cb,readingTime,frequency,all,7,-0.016933228395600238,0.934565557381593,24
sub-00113,cb,checkingTime,frequency,all,7,-0.16107283137961118,0.43182433227958594,24
sub-00114,cb,readingTime,frequency,all,1,0.04594356114989426,0.8236421731083807,24
sub-00114,cb,checkingTime,frequency,all,1,0.13630375794579125,0.5067265765461346,24
sub-00114,cb,readingTime,frequency,all,2,-0.0884822486737924,0.6673205342498845,24
sub-00114,cb,checkingTime,frequency,all,2,0.1445756462417515,0.4810257804685324,24
sub-00114,cb,readingTime,frequency,all,3,0.011311891259659562,0.9562624374662674,24
sub-00114,cb,checkingTime,frequency,all,3,-0.24129845671020447,0.23502219425429788,24
sub-00114,cb,readingTime,frequency,all,4,-0.19542119659951518,0.33871003156200297,24
sub-00114,cb,checkingTime,frequency,all,4,-0.33650117996502243,0.09278917227966367,24
sub-00114,cb,readingTime,frequency,all,5,-0.25717450853871804,0.20468842913096633,24
sub-00114,cb,checkingTime,frequency,all,5,-0.08784524153944183,0.6695819969859897,24
sub-00114,cb,readingTime,frequency,all,6,-0.1863063809465782,0.36215143476060885,24
sub-00114,cb,checkingTime,frequency,all,6,-0.05648224206761047,0.7840397894474767,24
sub-00114,cb,readingTime,frequency,all,7,-0.48004749863224894,0.013067708035722514,24
sub-00114,cb,checkingTime,frequency,all,7,0.1268859465703524,0.5367871100430587,24
sub-51175,br,readingTime,frequency,all,1,0.04678469988421562,0.8204644936430443,24
sub-51175,br,checkingTime,frequency,all,1,0.12839922259099704,0.5319009712625846,24
sub-51175,br,readingTime,frequency,all,2,0.17011159334590548,0.4060734390980688,24
sub-51175,br,checkingTime,frequency,all,2,0.374589512364795,0.05937473069315119,24
sub-51175,br,readingTime,frequency,all,3,-0.36083871849367893,0.07014019863753147,24
sub-51175,br,checkingTime,frequency,all,3,0.10547018659920639,0.6081057424802399,24
sub-51175,br,readingTime,frequency,all,4,0.14063537790409814,0.49318462257261986,24
sub-51175,br,checkingTime,frequency,all,4,0.0009425918561100635,0.9963537591178069,24
sub-51175,br,readingTime,frequency,all,5,-0.05035360270547374,0.8070130056901789,24
sub-51175,br,checkingTime,frequency,all,5,-0.15051271208262892,0.46299804247845744,24
sub-51175,br,readingTime,frequency,all,6,0.034027665879215414,0.8689267970933316,24
sub-51175,br,checkingTime,frequency,all,6,0.19317384067841545,0.34440320007696223,24
sub-51175,br,readingTime,frequency,all,7,0.13645943045637388,0.5062367504748023,24
sub-51175,br,checkingTime,frequency,all,7,-0.09430546901715145,0.6467803705459008,24
sub-52204,cb,readingTime,frequency,all,1,-0.11902620621479665,0.5624993096703969,24
sub-52204,cb,checkingTime,frequency,all,1,-0.11140919766456465,0.5879352206023876,24
sub-52204,cb,readingTime,frequency,all,2,-0.18902883154234768,0.3550524247838793,24
sub-52204,cb,checkingTime,frequency,all,2,-0.047907906744366575,0.8162255140321839,24
sub-52204,cb,readingTime,frequency,all,3,-0.0079117087277896,0.969401952962228,24
sub-52204,cb,checkingTime,frequency,all,3,-0.07792657694807516,0.7051458714631466,24
sub-52204,cb,readingTime,frequency,all,4,-0.09207943078314397,0.6546035506197923,24
sub-52204,cb,checkingTime,frequency,all,4,-0.18345710999499684,0.36966952904526973,24
sub-52204,cb,readingTime,frequency,all,5,-0.34948920022333385,0.08010488938893325,24
sub-52204,cb,checkingTime,frequency,all,5,-0.22090898684343405,0.27814806434958717,24
sub-52204,cb,readingTime,frequency,all,6,0.13375730300048821,0.5147720012543857,24
sub-52204,cb,checkingTime,frequency,all,6,0.3014700349645463,0.13447841318606424,24
sub-52204,cb,readingTime,frequency,all,7,0.4079428358342996,0.03856623539743004,24
sub-52204,cb,checkingTime,frequency,all,7,-0.06417305984501599,0.755460226619975,24
sub-53500,br,readingTime,frequency,all,1,-0.12089729951146529,0.5563281091564977,24
sub-53500,br,checkingTime,frequency,all,1,-0.07003374333526396,0.7338877992977089,24
sub-53500,br,readingTime,frequency,all,2,-0.09736849432979278,0.6360752830990779,24
sub-53500,br,checkingTime,frequency,all,2,0.07864548883516564,0.7025467282900342,24
sub-53500,br,readingTime,frequency,all,3,-0.28349788990102776,0.16048128841114148,24
sub-53500,br,checkingTime,frequency,all,3,-0.3423654427924095,0.08688747745632411,24
sub-53500,br,readingTime,frequency,all,4,-0.05077505985215258,0.8054279424730726,24
sub-53500,br,checkingTime,frequency,all,4,0.34412146521487874,0.08517665066440955,24
sub-53500,br,readingTime,frequency,all,5,-0.02279563104799234,0.9119868173435892,24
sub-53500,br,checkingTime,frequency,all,5,-0.3706759312138964,0.06229855657147632,24
sub-53500,br,readingTime,frequency,all,6,-0.08966998522779088,0.6631114628996451,24
sub-53500,br,checkingTime,frequency,all,6,-0.3638365115131924,0.06767436325666643,24
sub-53500,br,readingTime,frequency,all,7,0.04929562909259596,0.810995207765685,24
sub-53500,br,checkingTime,frequency,all,7,-0.14303608075994076,0.48575828395911497,24
sub-55009,br,readingTime,frequency,all,1,0.08121554783240524,0.6932817434463496,24
sub-55009,br,checkingTime,frequency,all,1,0.09677375135429922,0.638148400439305,24
sub-55009,br,readingTime,frequency,all,2,-0.27909919508308967,0.16735261142256885,24
sub-55009,br,checkingTime,frequency,all,2,-0.3162076248285619,0.11554730599664997,24
sub-55009,br,readingTime,frequency,all,3,0.38049775518684603,0.0551638188917115,24
sub-55009,br,checkingTime,frequency,all,3,-0.18857394140990627,0.3562328299746032,24
sub-55009,br,readingTime,frequency,all,4,-0.24329007592467886,0.23106210103730207,24
sub-55009,br,checkingTime,frequency,all,4,-0.2638851184843215,0.19270708448906199,24
sub-55009,br,readingTime,frequency,all,5,0.12426813829506353,0.5452891589022162,24
sub-55009,br,checkingTime,frequency,all,5,-0.12386215081273161,0.5466132926970555,24
sub-55009,br,readingTime,frequency,all,6,0.03639012542260069,0.8599119276423021,24
sub-55009,br,checkingTime,frequency,all,6,-0.1595829323520185,0.4361522058184662,24
sub-55009,br,readingTime,frequency,all,7,-0.029071487912126787,0.8878896148129293,24
sub-55009,br,checkingTime,frequency,all,7,-0.12310550348871475,0.5490850781693769,24
sub-55678,br,readingTime,frequency,all,1,0.15706469669648246,0.4435201015258273,24
sub-55678,br,checkingTime,frequency,all,1,-0.10242976016329054,0.6185421933924309,24
sub-55678,br,readingTime,frequency,all,2,-0.05681007923284311,0.7828156597309452,24
sub-55678,br,checkingTime,frequency,all,2,-0.14778656564966383,0.4712318008020846,24
sub-55678,br,readingTime,frequency,all,3,0.21727914994240646,0.2863215176170893,24
sub-55678,br,checkingTime,frequency,all,3,0.03783995516097877,0.8543879238585477,24
sub-55678,br,readingTime,frequency,all,4,-0.07953263481962547,0.6993438381539523,24
sub-55678,br,checkingTime,frequency,all,4,-0.10886081636696493,0.5965547715830843,24
sub-55678,br,readingTime,frequency,all,5,-0.039364712124934025,0.8485856429765946,24
sub-55678,br,checkingTime,frequency,all,5,0.1193889988445627,0.561300341085479,24
sub-55678,br,readingTime,frequency,all,6,-0.08712411042946976,0.672145498499127,24
sub-55678,br,checkingTime,frequency,all,6,-0.01635826499459212,0.9367829331260856,24
sub-55678,br,readingTime,frequency,all,7,-0.1331250863363716,0.5167790424246057,24
sub-55678,br,checkingTime,frequency,all,7,0.02970314255077472,0.885469281676805,24
sub-55756,cb,readingTime,frequency,all,1,-0.17002820750656017,0.40630700096912875,24
sub-55756,cb,checkingTime,frequency,all,1,-0.20594730055169816,0.31280391083004,24
sub-55756,cb,readingTime,frequency,all,2,-0.3411729421699095,0.08806399657268121,24
sub-55756,cb,checkingTime,frequency,all,2,-0.22026148786232233,0.2795950569990661,24
sub-55756,cb,readingTime,frequency,all,3,-0.07453326314334609,0.7174571037851013,24
sub-55756,cb,checkingTime,frequency,all,3,0.077941089945119,0.7050933694100854,24
sub-55756,cb,readingTime,frequency,all,4,-0.19778992938993425,0.3327709824065105,24
sub-55756,cb,checkingTime,frequency,all,4,-0.13940263405852965,0.4970199809946966,24
sub-55756,cb,readingTime,frequency,all,5,-0.34998332246306957,0.0796498168158306,24
sub-55756,cb,checkingTime,frequency,all,5,-0.3199883605405536,0.11102381558960055,24
sub-55756,cb,readingTime,frequency,all,6,0.09229424949464728,0.6538470265890755,24
sub-55756,cb,checkingTime,frequency,all,6,-0.08396360319495345,0.6834223866960768,24
sub-55756,cb,readingTime,frequency,all,7,0.17253663643594816,0.39931383542545784,24
sub-55756,cb,checkingTime,frequency,all,7,0.3791523863258027,0.05610156888056003,24
sub-55879,br,readingTime,frequency,all,1,-0.12763790559185648,0.5343565100893132,24
sub-55879,br,checkingTime,frequency,all,1,0.11016461995269058,0.5921381030605681,24
sub-55879,br,readingTime,frequency,all,2,0.03384456759069959,0.8696261597413364,24
sub-55879,br,checkingTime,frequency,all,2,0.2448087621188625,0.228072365250574,24
sub-55879,br,readingTime,frequency,all,3,-0.07052300006616094,0.7320955173600443,24
sub-55879,br,checkingTime,frequency,all,3,0.026557886986992126,0.8975305588690687,24
sub-55879,br,readingTime,frequency,all,4,0.1501751285137234,0.46401355186659576,24
sub-55879,br,checkingTime,frequency,all,4,0.09719293392410593,0.636686963817019,24
sub-55879,br,readingTime,frequency,all,5,-0.2537209410178495,0.2110479613389671,24
sub-55879,br,checkingTime,frequency,all,5,0.22091684354152252,0.27813053601020066,24
sub-55879,br,readingTime,frequency,all,6,0.06062339030026138,0.7686145859224297,24
sub-55879,br,checkingTime,frequency,all,6,0.033534139740977374,0.8708120885309665,24
sub-55879,br,readingTime,frequency,all,7,-0.0051078918318401565,0.9802428983694109,24
sub-55879,br,checkingTime,frequency,all,7,0.3190864784098084,0.11209080195684595,24
sub-55888,br,readingTime,frequency,all,1,0.13791112191643676,0.5016802290683309,24
sub-55888,br,checkingTime,frequency,all,1,-0.051540757245186294,0.802550140000699,24
sub-55888,br,readingTime,frequency,all,2,0.059982863661933276,0.7709950201952251,24
sub-55888,br,checkingTime,frequency,all,2,-0.19412481970971698,0.3419871732454507,24
sub-55888,br,readingTime,frequency,all,3,0.11799221876238489,0.5659227977811903,24
sub-55888,br,checkingTime,frequency,all,3,-0.12646525004653109,0.5381492172183875,24
sub-55888,br,readingTime,frequency,all,4,0.042928693113963405,0.8350537483228601,24
sub-55888,br,checkingTime,frequency,all,4,-0.06778854365844154,0.7421298694056544,24
sub-55888,br,readingTime,frequency,all,5,0.05107506674368273,0.8043000983495134,24
sub-55888,br,checkingTime,frequency,all,5,-0.25815775146954506,0.20290196150496165,24
sub-55888,br,readingTime,frequency,all,6,0.21276271231717567,0.2967010799897847,24
sub-55888,br,checkingTime,frequency,all,6,-0.342129064294119,0.08711973949540484,24
sub-55888,br,readingTime,frequency,all,7,0.16230878903123716,0.42825185908852215,24
sub-55888,br,checkingTime,frequency,all,7,-0.04864518903095869,0.8134457384703112,24
sub-55891,br,readingTime,frequency,all,1,0.1866424023331334,0.36127075996941527,24
sub-55891,br,checkingTime,frequency,all,1,-0.19808500029145756,0.332035595955949,24
sub-55891,br,readingTime,frequency,all,2,0.1161185850400852,0.5721500519970736,24
sub-55891,br,checkingTime,frequency,all,2,0.03276148540241638,0.8737650385331077,24
sub-55891,br,readingTime,frequency,all,3,-0.429252952492774,0.028646152176441272,24
sub-55891,br,checkingTime,frequency,all,3,0.34015562369212965,0.08907714678700154,24
sub-55891,br,readingTime,frequency,all,4,0.0577163417003715,0.7794343410118735,24
sub-55891,br,checkingTime,frequency,all,4,0.19576297156498573,0.33784920361291526,24
sub-55891,br,readingTime,frequency,all,5,-0.2789239795677591,0.16763053542909892,24
sub-55891,br,checkingTime,frequency,all,5,-0.013690652565969368,0.9470764668176015,24
sub-55891,br,readingTime,frequency,all,6,0.4129691911663455,0.03601090796604213,24
sub-55891,br,checkingTime,frequency,all,6,-0.04023918211134629,0.8452613934073137,24
sub-55891,br,readingTime,frequency,all,7,0.015188326404593016,0.9412962611808062,24
sub-55891,br,checkingTime,frequency,all,7,0.11677613923814266,0.5699611213934798,24
sub-55918,br,readingTime,frequency,all,1,-0.06130119332901427,0.7660978409292539,24
sub-55918,br,checkingTime,frequency,all,1,0.01605773318419708,0.9379421330863236,24
sub-55918,br,readingTime,frequency,all,2,-0.02714924103131116,0.8952610893955891,24
sub-55918,br,checkingTime,frequency,all,2,0.10471977064067682,0.610674759777939,24
sub-55918,br,readingTime,frequency,all,3,-0.0461899877461042,0.8227109325918148,24
sub-55918,br,checkingTime,frequency,all,3,0.053898067576527514,0.7937062830008044,24
sub-55918,br,readingTime,frequency,all,4,-0.2844075307981635,0.15908559057423322,24
sub-55918,br,checkingTime,frequency,all,4,-0.05584630414280189,0.7864157782970871,24
sub-55918,br,readingTime,frequency,all,5,0.08339713549405714,0.6854506685084494,24
sub-55918,br,checkingTime,frequency,all,5,-0.20319215022123288,0.31946342661378735,24
sub-55918,br,readingTime,frequency,all,6,-0.022882956555619085,0.9116509470559637,24
sub-55918,br,checkingTime,frequency,all,6,0.03651852749872825,0.8594224393076788,24
sub-55918,br,readingTime,frequency,all,7,0.44951630246257307,0.02122859844686191,24
sub-55918,br,checkingTime,frequency,all,7,-0.15251554139925053,0.4569971076564029,24
sub-55978,cb,readingTime,frequency,all,1,-0.021479788744351313,0.9170495437080652,24
sub-55978,cb,checkingTime,frequency,all,1,0.028974705741125244,0.8882605454349243,24
sub-55978,cb,readingTime,frequency,all,2,-0.42795914773259147,0.029182842838983723,24
sub-55978,cb,checkingTime,frequency,all,2,0.47490484817122713,0.01422294061721424,24
sub-55978,cb,readingTime,frequency,all,3,0.021397592782170245,0.9173659006446335,24
sub-55978,cb,checkingTime,frequency,all,3,-0.10905313850754392,0.5959023933719827,24
sub-55978,cb,readingTime,frequency,all,4,-0.025876667101955336,0.9001458827451525,24
sub-55978,cb,checkingTime,frequency,all,4,-0.14486280095482124,0.48014569758795467,24
sub-55978,cb,readingTime,frequency,all,5,-0.20428374337486746,0.31681461236055686,24
sub-55978,cb,checkingTime,frequency,all,5,0.3100784547980037,0.12316644617597514,24
sub-55978,cb,readingTime,frequency,all,6,0.3820182870190773,0.054118738893842125,24
sub-55978,cb,checkingTime,frequency,all,6,-0.3061614426373271,0.12822408218702608,24
sub-55978,cb,readingTime,frequency,all,7,-0.13010197262898376,0.5264283944387753,24
sub-55978,cb,checkingTime,frequency,all,7,-0.20225491995476763,0.3217484551612134,24
sub-55987,cb,readingTime,frequency,all,1,-0.12869938096706232,0.5309343185470267,24
sub-55987,cb,checkingTime,frequency,all,1,-0.04319201245378108,0.8340557273495485,24
sub-55987,cb,readingTime,frequency,all,2,0.2193949686742915,0.2815389811100153,24
sub-55987,cb,checkingTime,frequency,all,2,0.06266278147579678,0.7610491384049087,24
sub-55987,cb,readingTime,frequency,all,3,0.27501110277767976,0.1739217979391864,24
sub-55987,cb,checkingTime,frequency,all,3,-0.25192634593644575,0.21440482528187493,24
sub-55987,cb,readingTime,frequency,all,4,0.16830427406120435,0.4111524887315856,24
sub-55987,cb,checkingTime,frequency,all,4,-0.06173491113894034,0.7644886163581989,24
sub-55987,cb,readingTime,frequency,all,5,0.2306178998643781,0.25702386056325144,24
sub-55987,cb,checkingTime,frequency,all,5,-0.014357133896239396,0.9445038727143387,24
sub-55987,cb,readingTime,frequency,all,6,0.04099416347485376,0.8423934438248148,24
sub-55987,cb,checkingTime,frequency,all,6,-0.12184683853544581,0.5532082299022547,24
sub-55987,cb,readingTime,frequency,all,7,-0.029530654180843344,0.8861301130434739,24
sub-55987,cb,checkingTime,frequency,all,7,-0.1158945021402479,0.572896854033084,24
